ts_utc,symbol,cex,hl_funding_1h,cex_funding_1h,hl_apr_pct,cex_apr_pct,gross_spread_8h_bps,fee_8h_bps,net_spread_8h_bps,net_apr_pct,direction,hl_mark,cex_mark,hl_oi_usd,hl_day_vlm_usd
2026-07-30T01:24:22Z,MELANIA,kraken,0.0000125000,0.0006222866,10.95,545.123,-48.7829,0.3333,48.4496,530.523,short_cex_long_hl,0.07924,0.07932699522,818026,271283
2026-07-30T01:24:22Z,SAGA,kraken,0.0001841410,-0.0002063053,161.308,-180.723,31.2357,0.3333,30.9024,338.381,short_hl_long_cex,0.01228,0.01218500109,1894063,81707
2026-07-30T01:24:22Z,MINA,kraken,-0.0000124979,-0.0004006205,-10.948,-350.944,31.0498,0.3333,30.7165,336.345,short_hl_long_cex,0.041552,0.04157534755,804086,162778
2026-07-30T01:24:22Z,MNT,kraken,0.0000120728,-0.0002956172,10.576,-258.961,24.6152,0.3333,24.2819,265.886,short_hl_long_cex,0.39595,0.39511924687,1641816,544748
2026-07-30T01:24:22Z,ZEN,kraken,0.0000125000,-0.0002758971,10.95,-241.686,23.0718,0.3333,22.7384,248.986,short_hl_long_cex,3.8168,3.80644620401,222350,137342
2026-07-30T01:24:22Z,YGG,kraken,0.0000125000,-0.0002718447,10.95,-238.136,22.7476,0.3333,22.4142,245.436,short_hl_long_cex,0.017225,0.01719552064,213463,198453
2026-07-30T01:24:22Z,MOODENG,kraken,0.0000125000,-0.0002524713,10.95,-221.165,21.1977,0.3333,20.8644,228.465,short_hl_long_cex,0.034366,0.0343482084,214311,196389
2026-07-30T01:24:22Z,HMSTR,kraken,0.0000125000,-0.0002487852,10.95,-217.936,20.9028,0.3333,20.5695,225.236,short_hl_long_cex,0.000169,0.00016918901,343251,214208
2026-07-30T01:24:22Z,S,kraken,-0.0000230351,-0.0002839105,-20.179,-248.706,20.87,0.3333,20.5367,224.877,short_hl_long_cex,0.021114,0.02108958337,646982,114993
2026-07-30T01:24:22Z,BERA,kraken,0.0000125000,-0.0002419659,10.95,-211.962,20.3573,0.3333,20.0239,219.262,short_hl_long_cex,0.15175,0.15153538412,1242197,584914
2026-07-30T01:24:22Z,SUPER,kraken,-0.0000768410,-0.0003090463,-67.313,-270.725,18.5764,0.3333,18.2431,199.762,short_hl_long_cex,0.08126,0.08131360492,214582,82428
2026-07-30T01:24:22Z,UMA,kraken,0.0000125000,-0.0002114011,10.95,-185.187,17.9121,0.3333,17.5788,192.487,short_hl_long_cex,0.32819,0.3284306666,340084,232508
2026-07-30T01:24:22Z,BIGTIME,kraken,0.0000125000,-0.0002059726,10.95,-180.432,17.4778,0.3333,17.1445,187.732,short_hl_long_cex,0.005631,0.00562136953,100163,105797
2026-07-30T01:24:22Z,LAYER,kraken,0.0000125000,-0.0001904484,10.95,-166.833,16.2359,0.3333,15.9025,174.133,short_hl_long_cex,0.05889,0.05886450406,638768,224097
2026-07-30T01:24:22Z,MOVE,kraken,0.0000125000,-0.0001868936,10.95,-163.719,15.9515,0.3333,15.6182,171.019,short_hl_long_cex,0.007941,0.00793441595,432957,206198
2026-07-30T01:24:22Z,BANANA,kraken,0.0000125000,-0.0001730126,10.95,-151.559,14.841,0.3333,14.5077,158.859,short_hl_long_cex,3.7172,3.71669007153,171071,129114
2026-07-30T01:24:22Z,ZK,kraken,-0.0000158957,0.0001664512,-13.925,145.811,-14.5878,0.3333,14.2544,156.086,short_cex_long_hl,0.007914,0.00794035719,495854,169482
2026-07-30T01:24:22Z,KAITO,kraken,-0.0000125235,-0.0001935051,-10.971,-169.51,14.4785,0.3333,14.1452,154.89,short_hl_long_cex,1.2364,1.23996835417,11079971,16760401
2026-07-30T01:24:22Z,RSR,kraken,0.0000125000,-0.0001564747,10.95,-137.072,13.518,0.3333,13.1846,144.372,short_hl_long_cex,0.001248,0.00124617852,166934,79054
2026-07-30T01:24:22Z,IMX,okx,-0.0001554342,0.0000125000,-136.16,10.95,-13.4347,0.3333,13.1014,143.46,short_cex_long_hl,0.10877,0.1088,987020,458268
2026-07-30T01:24:22Z,BONK,kraken,-0.0000161890,-0.0001818339,-14.182,-159.286,13.2516,0.3333,12.9183,141.455,short_hl_long_cex,0.002921,2.91697e-06,4575202,2921487
2026-07-30T01:24:22Z,AIXBT,kraken,0.0000125000,-0.0001452554,10.95,-127.244,12.6204,0.3333,12.2871,134.544,short_hl_long_cex,0.016696,0.01669975189,454977,1721386
2026-07-30T01:24:22Z,REZ,kraken,0.0000125000,-0.0001426034,10.95,-124.921,12.4083,0.3333,12.0749,132.221,short_hl_long_cex,0.002512,0.00251285009,362793,219316
2026-07-30T01:24:22Z,NEIRO,kraken,-0.0000126554,0.0001394267,-11.086,122.138,-12.1666,0.3333,11.8332,129.574,short_cex_long_hl,0.05818,5.823571e-05,212971,204516
2026-07-30T01:24:22Z,PNUT,kraken,0.0000077911,-0.0001354713,6.825,-118.673,11.461,0.3333,11.1277,121.848,short_hl_long_cex,0.0388,0.03876857845,565168,427771
2026-07-30T01:24:22Z,W,kraken,-0.0001846624,-0.0000417815,-161.764,-36.601,-11.4305,0.3333,11.0971,121.514,short_cex_long_hl,0.00837,0.00837549213,1555341,597266
2026-07-30T01:24:22Z,ALT,kraken,-0.0000108870,-0.0001456860,-9.537,-127.621,10.7839,0.3333,10.4506,114.434,short_hl_long_cex,0.005673,0.00567528198,521495,140419
2026-07-30T01:24:22Z,ANIME,kraken,0.0000125000,-0.0001207407,10.95,-105.769,10.6593,0.3333,10.3259,113.069,short_hl_long_cex,0.002414,0.00241061296,139248,76949
2026-07-30T01:24:22Z,MON,kraken,0.0000125000,-0.0001121962,10.95,-98.284,9.9757,0.3333,9.6424,105.584,short_hl_long_cex,0.02083,0.02079301398,23614121,940187
2026-07-30T01:24:22Z,SUSHI,kraken,0.0000125000,-0.0001117286,10.95,-97.874,9.9383,0.3333,9.605,105.174,short_hl_long_cex,0.15086,0.1511483513,337204,164375
2026-07-30T01:24:22Z,W,okx,-0.0001846624,-0.0000619054,-161.764,-54.229,-9.8206,0.3333,9.4872,103.885,short_cex_long_hl,0.00837,0.00837,1555341,597266
2026-07-30T01:24:22Z,NOT,okx,-0.0001068871,0.0000125000,-93.633,10.95,-9.551,0.3333,9.2176,100.933,short_cex_long_hl,0.000329,0.0003295,189908,19280
2026-07-30T01:24:22Z,XPL,kraken,-0.0000011771,0.0001180539,-1.031,103.415,-9.5385,0.3333,9.2051,100.796,short_cex_long_hl,0.078335,0.07843487365,25239596,9284539
2026-07-30T01:24:22Z,ACE,kraken,-0.0000771492,0.0000388584,-67.583,34.04,-9.2806,0.3333,8.9473,97.973,short_cex_long_hl,0.0715,0.07151753913,384229,539947
2026-07-30T01:24:22Z,IO,kraken,-0.0000212889,-0.0001350004,-18.649,-118.26,9.0969,0.3333,8.7636,95.961,short_hl_long_cex,0.12958,0.12959838125,463605,228625
2026-07-30T01:24:22Z,GOAT,kraken,0.0000125000,0.0001164002,10.95,101.967,-8.312,0.3333,7.9787,87.367,short_cex_long_hl,0.0123,0.01232983918,152907,155145
2026-07-30T01:24:22Z,ORDI,kraken,0.0000125000,-0.0000812395,10.95,-71.166,7.4992,0.3333,7.1658,78.466,short_hl_long_cex,3.3087,3.30569734231,395201,139701
2026-07-30T01:24:22Z,FLOKI,kraken,0.0000125000,-0.0000761716,10.95,-66.726,7.0937,0.3333,6.7604,74.026,short_hl_long_cex,0.02036,2.035399e-05,551535,80081
2026-07-30T01:24:22Z,BOME,kraken,0.0000125000,-0.0000748479,10.95,-65.567,6.9878,0.3333,6.6545,72.867,short_hl_long_cex,0.000561,0.00056101471,1216567,277369
2026-07-30T01:24:22Z,CAKE,kraken,0.0000125000,-0.0000747893,10.95,-65.515,6.9831,0.3333,6.6498,72.815,short_hl_long_cex,1.381,1.3814002004,498293,118803
2026-07-30T01:24:22Z,IOTA,kraken,0.0000125000,-0.0000724535,10.95,-63.469,6.7963,0.3333,6.4629,70.769,short_hl_long_cex,0.0324,0.03238719306,401109,114891
2026-07-30T01:24:22Z,JUP,kraken,0.0000018599,-0.0000829698,1.629,-72.682,6.7864,0.3333,6.453,70.661,short_hl_long_cex,0.1977,0.19745994254,6520292,2640490
2026-07-30T01:24:22Z,POPCAT,kraken,0.0000071756,-0.0000719662,6.286,-63.042,6.3313,0.3333,5.998,65.678,short_hl_long_cex,0.041303,0.04130013684,955032,370491
2026-07-30T01:24:22Z,FET,kraken,-0.0000201016,-0.0000986630,-17.609,-86.429,6.2849,0.3333,5.9516,65.17,short_hl_long_cex,0.13942,0.13942694437,4624269,1717710
2026-07-30T01:24:22Z,USUAL,kraken,-0.0000233096,-0.0000970519,-20.419,-85.017,5.8994,0.3333,5.5661,60.948,short_hl_long_cex,0.00769,0.00769559765,143762,73886
2026-07-30T01:24:22Z,GRIFFAIN,kraken,0.0000125000,-0.0000599275,10.95,-52.496,5.7942,0.3333,5.4609,59.796,short_hl_long_cex,0.00759,0.00758153542,531588,111358
2026-07-30T01:24:22Z,SPX,kraken,0.0000125000,0.0000832410,10.95,72.919,-5.6593,0.3333,5.3259,58.319,short_cex_long_hl,0.33009,0.33006460482,2260554,1621122
2026-07-30T01:24:22Z,PEOPLE,kraken,0.0000125000,-0.0000535652,10.95,-46.923,5.2852,0.3333,4.9519,54.223,short_hl_long_cex,0.006727,0.00671837195,1374940,525720
2026-07-30T01:24:22Z,BLUR,kraken,0.0000125000,-0.0000493512,10.95,-43.232,4.9481,0.3333,4.6148,50.532,short_hl_long_cex,0.014145,0.01415288866,819898,239197
2026-07-30T01:24:22Z,IMX,kraken,-0.0001554342,-0.0000940982,-136.16,-82.43,-4.9069,0.3333,4.5735,50.08,short_cex_long_hl,0.10877,0.10885407433,987020,458268
2026-07-30T01:24:22Z,KAS,kraken,-0.0000032806,0.0000569994,-2.874,49.931,-4.8224,0.3333,4.4891,49.155,short_cex_long_hl,0.027419,0.02743576428,1230944,301006
2026-07-30T01:24:22Z,2Z,kraken,0.0000125000,-0.0000477631,10.95,-41.84,4.821,0.3333,4.4877,49.14,short_hl_long_cex,0.055727,0.05570620564,543750,160385
2026-07-30T01:24:22Z,ZRO,kraken,0.0000125000,-0.0000471678,10.95,-41.319,4.7734,0.3333,4.4401,48.619,short_hl_long_cex,0.76381,0.76418643379,27547928,2133042
2026-07-30T01:24:22Z,CHIP,okx,-0.0000656446,-0.0000060583,-57.505,-5.307,-4.7669,0.3333,4.4336,48.548,short_cex_long_hl,0.02505,0.02505,1655840,717423
2026-07-30T01:24:22Z,CELO,kraken,-0.0000098307,-0.0000669627,-8.612,-58.659,4.5706,0.3333,4.2372,46.398,short_hl_long_cex,0.063351,0.06340633714,154195,324952
2026-07-30T01:24:22Z,NEO,kraken,0.0000125000,-0.0000444956,10.95,-38.978,4.5596,0.3333,4.2263,46.278,short_hl_long_cex,1.8135,1.81218504415,213557,142309
2026-07-30T01:24:22Z,SYRUP,kraken,0.0000125000,-0.0000444458,10.95,-38.935,4.5557,0.3333,4.2223,46.235,short_hl_long_cex,0.16381,0.16364958001,1999146,304908
2026-07-30T01:24:22Z,MEME,okx,-0.0000437271,0.0000125000,-38.305,10.95,-4.4982,0.3333,4.1648,45.605,short_cex_long_hl,0.000497,0.0004969,423244,119058
2026-07-30T01:24:22Z,NEIRO,okx,-0.0000126554,-0.0000684549,-11.086,-59.967,4.464,0.3333,4.1306,45.23,short_hl_long_cex,0.05818,5.82e-05,212971,204516
2026-07-30T01:24:22Z,NOT,kraken,-0.0001068871,-0.0001616022,-93.633,-141.564,4.3772,0.3333,4.0439,44.28,short_hl_long_cex,0.000329,0.00032976249,189908,19280
2026-07-30T01:24:22Z,APE,kraken,0.0000125000,-0.0000420002,10.95,-36.792,4.36,0.3333,4.0267,44.092,short_hl_long_cex,0.13914,0.1392010914,906901,347823
2026-07-30T01:24:22Z,GALA,kraken,0.0000023872,0.0000556852,2.091,48.78,-4.2638,0.3333,3.9305,43.039,short_cex_long_hl,0.00181,0.00181146534,199169,104212
2026-07-30T01:24:22Z,DASH,kraken,0.0000125000,-0.0000401450,10.95,-35.167,4.2116,0.3333,3.8783,42.467,short_hl_long_cex,29.425,29.4383407589,739209,578667
2026-07-30T01:24:22Z,SNX,kraken,-0.0000083982,-0.0000598194,-7.357,-52.402,4.1137,0.3333,3.7804,41.395,short_hl_long_cex,0.21031,0.21026565817,713281,396148
2026-07-30T01:24:22Z,BIO,okx,0.0000125000,-0.0000370563,10.95,-32.461,3.9645,0.3333,3.6312,39.761,short_hl_long_cex,0.022911,0.0229,693954,161448
2026-07-30T01:24:22Z,STX,kraken,0.0000125000,0.0000571543,10.95,50.067,-3.5723,0.3333,3.239,35.467,short_cex_long_hl,0.13482,0.13492174642,421962,178835
2026-07-30T01:24:22Z,AXS,kraken,0.0000024642,0.0000463483,2.159,40.601,-3.5107,0.3333,3.1774,34.792,short_cex_long_hl,0.82192,0.82311084328,292671,132909
2026-07-30T01:24:22Z,COMP,kraken,0.0000125000,-0.0000309527,10.95,-27.115,3.4762,0.3333,3.1429,34.415,short_hl_long_cex,16.685,16.69617232064,689788,141579
2026-07-30T01:24:22Z,JTO,okx,-0.0000309178,0.0000125000,-27.084,10.95,-3.4734,0.3333,3.1401,34.384,short_cex_long_hl,0.54196,0.5419,10574030,1911350
2026-07-30T01:24:22Z,ZEC,kraken,-0.0000308961,0.0000117519,-27.065,10.295,-3.4118,0.3333,3.0785,33.71,short_cex_long_hl,466.29,466.47104222069,186943644,75650405
2026-07-30T01:24:22Z,FARTCOIN,kraken,0.0000125000,-0.0000301058,10.95,-26.373,3.4085,0.3333,3.0751,33.673,short_hl_long_cex,0.12159,0.12154913721,15265746,6439001
2026-07-30T01:24:22Z,PROVE,okx,0.0000125000,-0.0000289606,10.95,-25.369,3.3168,0.3333,2.9835,32.669,short_hl_long_cex,0.1656,0.1654,215822,83213
2026-07-30T01:24:22Z,HBAR,kraken,0.0000096290,0.0000500576,8.435,43.85,-3.2343,0.3333,2.901,31.765,short_cex_long_hl,0.068075,0.06806191063,4284665,760266
2026-07-30T01:24:22Z,LDO,kraken,0.0000125000,-0.0000267732,10.95,-23.453,3.1419,0.3333,2.8085,30.753,short_hl_long_cex,0.36457,0.36445970768,13864609,1041188
2026-07-30T01:24:22Z,GMX,kraken,0.0000125000,0.0000508016,10.95,44.502,-3.0641,0.3333,2.7308,29.902,short_cex_long_hl,6.4595,6.45871785145,582866,276425
2026-07-30T01:24:22Z,LAYER,okx,0.0000125000,-0.0000235828,10.95,-20.659,2.8866,0.3333,2.5533,27.959,short_hl_long_cex,0.05889,0.05889,638768,224097
2026-07-30T01:24:22Z,PENDLE,kraken,0.0000125000,-0.0000220916,10.95,-19.352,2.7673,0.3333,2.434,26.652,short_hl_long_cex,1.4238,1.42318805296,6708348,789639
2026-07-30T01:24:22Z,BIO,kraken,0.0000125000,-0.0000217206,10.95,-19.027,2.7376,0.3333,2.4043,26.327,short_hl_long_cex,0.022911,0.02290994478,693954,161448
2026-07-30T01:24:22Z,XLM,kraken,-0.0000117939,-0.0000459661,-10.331,-40.266,2.7338,0.3333,2.4004,26.285,short_hl_long_cex,0.1715,0.17145368561,6618439,1333619
2026-07-30T01:24:22Z,TRB,kraken,0.0000079783,-0.0000243486,6.989,-21.329,2.5862,0.3333,2.2528,24.668,short_hl_long_cex,13.4315,13.42981176646,367459,115873
2026-07-30T01:24:22Z,RENDER,kraken,0.0000125000,-0.0000186881,10.95,-16.371,2.495,0.3333,2.1617,23.671,short_hl_long_cex,1.3947,1.39553825104,1240311,322080
2026-07-30T01:24:22Z,APT,kraken,0.0000125000,-0.0000184864,10.95,-16.194,2.4789,0.3333,2.1456,23.494,short_hl_long_cex,0.5659,0.56575155783,3786964,1656550
2026-07-30T01:24:22Z,SUSHI,okx,0.0000125000,-0.0000184575,10.95,-16.169,2.4766,0.3333,2.1433,23.469,short_hl_long_cex,0.15086,0.1507,337204,164375
2026-07-30T01:24:22Z,INJ,kraken,0.0000125000,-0.0000181454,10.95,-15.895,2.4516,0.3333,2.1183,23.195,short_hl_long_cex,4.6358,4.63312690618,3297547,1273419
2026-07-30T01:24:22Z,EIGEN,kraken,0.0000125000,-0.0000180297,10.95,-15.794,2.4424,0.3333,2.109,23.094,short_hl_long_cex,0.1841,0.18402970486,4151322,1554607
2026-07-30T01:24:22Z,DYDX,kraken,0.0000125000,-0.0000173521,10.95,-15.2,2.3882,0.3333,2.0548,22.5,short_hl_long_cex,0.10997,0.10989538965,2142856,306835
2026-07-30T01:24:22Z,ENA,kraken,0.0000056620,-0.0000234861,4.96,-20.574,2.3318,0.3333,1.9985,21.884,short_hl_long_cex,0.078142,0.07811248737,20973415,10122400
2026-07-30T01:24:22Z,BONK,okx,-0.0000161890,0.0000125000,-14.182,10.95,-2.2951,0.3333,1.9618,21.482,short_cex_long_hl,0.002921,2.92e-06,4575202,2921487
2026-07-30T01:24:22Z,INIT,kraken,-0.0000025438,0.0000260384,-2.228,22.81,-2.2866,0.3333,1.9532,21.388,short_cex_long_hl,0.048309,0.04833619395,134156,127793
2026-07-30T01:24:22Z,ZK,okx,-0.0000158957,-0.0000432041,-13.925,-37.847,2.1847,0.3333,1.8513,20.272,short_hl_long_cex,0.007914,0.007911,495854,169482
2026-07-30T01:24:22Z,ZEC,okx,-0.0000308961,-0.0000039746,-27.065,-3.482,-2.1537,0.3333,1.8204,19.933,short_cex_long_hl,466.29,466.52,186943644,75650405
2026-07-30T01:24:22Z,EIGEN,okx,0.0000125000,-0.0000134583,10.95,-11.789,2.0767,0.3333,1.7433,19.089,short_hl_long_cex,0.1841,0.1839,4151322,1554607
2026-07-30T01:24:22Z,CRV,kraken,-0.0000075710,0.0000180317,-6.632,15.796,-2.0482,0.3333,1.7149,18.778,short_cex_long_hl,0.21029,0.21039661778,6161826,1571562
2026-07-30T01:24:22Z,S,okx,-0.0000230351,0.0000023167,-20.179,2.029,-2.0281,0.3333,1.6948,18.558,short_cex_long_hl,0.021114,0.0211,646982,114993
2026-07-30T01:24:22Z,MINA,okx,-0.0000124979,0.0000125000,-10.948,10.95,-1.9998,0.3333,1.6665,18.248,short_cex_long_hl,0.041552,0.04153,804086,162778
2026-07-30T01:24:22Z,STRK,okx,-0.0000177400,0.0000071030,-15.54,6.222,-1.9874,0.3333,1.6541,18.113,short_cex_long_hl,0.02619,0.02618,2206843,930103
2026-07-30T01:24:22Z,MORPHO,kraken,0.0000009536,0.0000251856,0.835,22.063,-1.9386,0.3333,1.6052,17.577,short_cex_long_hl,1.9591,1.95865047162,3843343,938455
2026-07-30T01:24:22Z,GRASS,kraken,0.0000125000,0.0000366328,10.95,32.09,-1.9306,0.3333,1.5973,17.49,short_cex_long_hl,0.30992,0.30952138926,7134523,850841
2026-07-30T01:24:22Z,APE,okx,0.0000125000,-0.0000116102,10.95,-10.171,1.9288,0.3333,1.5955,17.471,short_hl_long_cex,0.13914,0.13912,906901,347823
2026-07-30T01:24:22Z,AAVE,kraken,-0.0000276952,-0.0000035958,-24.261,-3.15,-1.9279,0.3333,1.5946,17.461,short_cex_long_hl,94.873,94.89514773293,73200838,21731687
2026-07-30T01:24:22Z,HYPE,kraken,0.0000125000,0.0000365445,10.95,32.013,-1.9236,0.3333,1.5902,17.413,short_cex_long_hl,53.953,53.99798173755,1211004906,286801243
2026-07-30T01:24:22Z,ALGO,okx,0.0000004437,-0.0000232609,0.389,-20.377,1.8964,0.3333,1.563,17.115,short_hl_long_cex,0.077654,0.0776,1863934,661833
2026-07-30T01:24:22Z,INJ,okx,0.0000125000,-0.0000109518,10.95,-9.594,1.8761,0.3333,1.5428,16.894,short_hl_long_cex,4.6358,4.633,3297547,1273419
2026-07-30T01:24:22Z,TURBO,kraken,0.0000125000,0.0000358098,10.95,31.369,-1.8648,0.3333,1.5314,16.769,short_cex_long_hl,0.000761,0.0007630012,253728,175209
2026-07-30T01:24:22Z,GAS,okx,-0.0000102257,0.0000125000,-8.958,10.95,-1.8181,0.3333,1.4847,16.258,short_cex_long_hl,0.91248,0.9121,151986,89744
2026-07-30T01:24:22Z,CELO,okx,-0.0000098307,0.0000125000,-8.612,10.95,-1.7865,0.3333,1.4531,15.912,short_cex_long_hl,0.063351,0.06333,154195,324952
2026-07-30T01:24:22Z,UMA,okx,0.0000125000,-0.0000094631,10.95,-8.29,1.757,0.3333,1.4237,15.59,short_hl_long_cex,0.32819,0.3289,340084,232508
2026-07-30T01:24:22Z,AR,kraken,-0.0000107454,0.0000108566,-9.413,9.51,-1.7282,0.3333,1.3948,15.273,short_cex_long_hl,1.7365,1.73501965045,764468,613409
2026-07-30T01:24:22Z,AAVE,okx,-0.0000276952,-0.0000062124,-24.261,-5.442,-1.7186,0.3333,1.3853,15.169,short_cex_long_hl,94.873,94.9,73200838,21731687
2026-07-30T01:24:22Z,SUI,kraken,0.0000125000,0.0000332878,10.95,29.16,-1.663,0.3333,1.3297,14.56,short_cex_long_hl,0.68565,0.68529145217,21320266,4105467
2026-07-30T01:24:22Z,ETC,kraken,0.0000125000,-0.0000079755,10.95,-6.987,1.638,0.3333,1.3047,14.287,short_hl_long_cex,6.7206,6.71956270639,982514,397014
2026-07-30T01:24:22Z,TNSR,kraken,0.0000125000,-0.0000076343,10.95,-6.688,1.6107,0.3333,1.2774,13.988,short_hl_long_cex,0.03109,0.03113165347,91705,38058
2026-07-30T01:24:22Z,RUNE,kraken,0.0000125000,-0.0000075552,10.95,-6.618,1.6044,0.3333,1.2711,13.918,short_hl_long_cex,0.43731,0.43760537106,1565957,209243
2026-07-30T01:24:22Z,PUMP,kraken,-0.0000003140,-0.0000199363,-0.275,-17.464,1.5698,0.3333,1.2365,13.539,short_hl_long_cex,0.001874,0.00187365595,43882306,19570056
2026-07-30T01:24:22Z,POL,okx,-0.0000011278,-0.0000205368,-0.988,-17.99,1.5527,0.3333,1.2194,13.352,short_hl_long_cex,0.07147,0.07145,2529389,527504
2026-07-30T01:24:22Z,ETHFI,kraken,0.0000125000,0.0000317511,10.95,27.814,-1.5401,0.3333,1.2068,13.214,short_cex_long_hl,0.39831,0.39824845775,7643059,1274921
2026-07-30T01:24:22Z,BCH,kraken,0.0000041871,-0.0000148921,3.668,-13.045,1.5263,0.3333,1.193,13.063,short_hl_long_cex,208.96,208.83307914679,4567058,1095671
2026-07-30T01:24:22Z,ENS,kraken,0.0000125000,0.0000314140,10.95,27.519,-1.5131,0.3333,1.1798,12.919,short_cex_long_hl,4.2341,4.23490054903,1312118,705692
2026-07-30T01:24:22Z,WLD,okx,-0.0000136123,0.0000052626,-11.924,4.61,-1.51,0.3333,1.1767,12.884,short_cex_long_hl,0.30827,0.3083,22234617,13179668
2026-07-30T01:24:22Z,ZETA,kraken,0.0000092339,-0.0000095254,8.089,-8.344,1.5007,0.3333,1.1674,12.783,short_hl_long_cex,0.02854,0.02855591724,657307,224723
2026-07-30T01:24:22Z,SAND,kraken,0.0000125000,-0.0000058506,10.95,-5.125,1.4681,0.3333,1.1347,12.425,short_hl_long_cex,0.04134,0.04133532238,298191,143520
2026-07-30T01:24:22Z,POL,kraken,-0.0000011278,-0.0000191268,-0.988,-16.755,1.4399,0.3333,1.1066,12.117,short_hl_long_cex,0.07147,0.07145016914,2529389,527504
2026-07-30T01:24:22Z,OP,kraken,0.0000125000,-0.0000053734,10.95,-4.707,1.4299,0.3333,1.0965,12.007,short_hl_long_cex,0.08909,0.08907371091,3354316,804992
2026-07-30T01:24:22Z,0G,okx,0.0000125000,-0.0000051544,10.95,-4.515,1.4123,0.3333,1.079,11.815,short_hl_long_cex,0.148249,0.1481,164242,462571
2026-07-30T01:24:22Z,BRETT,kraken,0.0000125000,0.0000300807,10.95,26.351,-1.4065,0.3333,1.0731,11.751,short_cex_long_hl,0.004009,0.004003951,449873,375721
2026-07-30T01:24:22Z,SOL,kraken,0.0000090672,-0.0000084765,7.943,-7.425,1.4035,0.3333,1.0702,11.718,short_hl_long_cex,73.57,73.5302453913,332738466,219961973
2026-07-30T01:24:22Z,PENGU,kraken,-0.0000279319,-0.0000453651,-24.468,-39.74,1.3947,0.3333,1.0613,11.621,short_hl_long_cex,0.005793,0.00579446678,3747273,1814321
2026-07-30T01:24:22Z,ME,okx,-0.0000047260,0.0000125000,-4.14,10.95,-1.3781,0.3333,1.0447,11.44,short_cex_long_hl,0.05991,0.05995,167729,83204
2026-07-30T01:24:22Z,ETC,okx,0.0000125000,-0.0000044718,10.95,-3.917,1.3577,0.3333,1.0244,11.217,short_hl_long_cex,6.7206,6.724,982514,397014
2026-07-30T01:24:22Z,IOTA,okx,0.0000125000,-0.0000044222,10.95,-3.874,1.3538,0.3333,1.0204,11.174,short_hl_long_cex,0.0324,0.03238,401109,114891
2026-07-30T01:24:22Z,SEI,kraken,0.0000051572,0.0000220368,4.518,19.304,-1.3504,0.3333,1.017,11.137,short_cex_long_hl,0.041951,0.04193178475,1400428,444323
2026-07-30T01:24:22Z,DYM,kraken,-0.0001912281,-0.0002079184,-167.516,-182.137,1.3352,0.3333,1.0019,10.971,short_hl_long_cex,0.01297,0.01299426146,100808,148094
2026-07-30T01:24:22Z,ALGO,kraken,0.0000004437,-0.0000161864,0.389,-14.179,1.3304,0.3333,0.9971,10.918,short_hl_long_cex,0.077654,0.07764261838,1863934,661833
2026-07-30T01:24:22Z,SNX,okx,-0.0000083982,-0.0000249945,-7.357,-21.895,1.3277,0.3333,0.9944,10.888,short_hl_long_cex,0.21031,0.2102,713281,396148
2026-07-30T01:24:22Z,UNI,kraken,0.0000125000,-0.0000039665,10.95,-3.475,1.3173,0.3333,0.984,10.775,short_hl_long_cex,3.9945,3.99312096384,20121242,15090820
2026-07-30T01:24:22Z,INIT,okx,-0.0000025438,0.0000125000,-2.228,10.95,-1.2035,0.3333,0.8702,9.528,short_cex_long_hl,0.048309,0.04835,134156,127793
2026-07-30T01:24:22Z,XPL,okx,-0.0000011771,0.0000125000,-1.031,10.95,-1.0942,0.3333,0.7608,8.331,short_cex_long_hl,0.078335,0.07838,25239596,9284539
2026-07-30T01:24:22Z,MORPHO,okx,0.0000009536,-0.0000126554,0.835,-11.086,1.0887,0.3333,0.7554,8.271,short_hl_long_cex,1.9591,1.959,3843343,938455
2026-07-30T01:24:22Z,XMR,kraken,0.0000081552,-0.0000054411,7.144,-4.766,1.0877,0.3333,0.7544,8.26,short_hl_long_cex,353.17,352.82345010479,46406147,5534096
2026-07-30T01:24:22Z,TIA,kraken,0.0000091689,0.0000224500,8.032,19.666,-1.0625,0.3333,0.7292,7.984,short_cex_long_hl,0.32241,0.322477556,1751593,386338
2026-07-30T01:24:22Z,GMT,kraken,0.0000125000,-0.0000006543,10.95,-0.573,1.0523,0.3333,0.719,7.873,short_hl_long_cex,0.006395,0.00639837892,112528,125917
2026-07-30T01:24:22Z,JTO,kraken,-0.0000309178,-0.0000178731,-27.084,-15.657,-1.0436,0.3333,0.7102,7.777,short_cex_long_hl,0.54196,0.54224928148,10574030,1911350
2026-07-30T01:24:22Z,VIRTUAL,kraken,0.0000125000,-0.0000004444,10.95,-0.389,1.0356,0.3333,0.7022,7.689,short_hl_long_cex,0.56,0.56001009266,6214191,1059013
2026-07-30T01:24:22Z,NEAR,okx,0.0000069042,-0.0000059136,6.048,-5.18,1.0254,0.3333,0.6921,7.578,short_hl_long_cex,1.6125,1.612,46782489,24194427
2026-07-30T01:24:22Z,PUMP,okx,-0.0000003140,0.0000125000,-0.275,10.95,-1.0251,0.3333,0.6918,7.575,short_cex_long_hl,0.001874,0.001874,43882306,19570056
2026-07-30T01:24:22Z,CRV,okx,-0.0000075710,0.0000050493,-6.632,4.423,-1.0096,0.3333,0.6763,7.405,short_cex_long_hl,0.21029,0.2103,6161826,1571562
2026-07-30T01:24:22Z,BNB,kraken,0.0000125000,0.0000250623,10.95,21.955,-1.005,0.3333,0.6717,7.355,short_cex_long_hl,572.48,571.99489721075,21774663,3340797
2026-07-30T01:24:22Z,SHIB,kraken,0.0000040767,-0.0000082568,3.571,-7.233,0.9867,0.3333,0.6533,7.154,short_hl_long_cex,0.004653,4.65288e-06,2891795,3324995
2026-07-30T01:24:22Z,WLD,kraken,-0.0000136123,-0.0000015485,-11.924,-1.356,-0.9651,0.3333,0.6318,6.918,short_cex_long_hl,0.30827,0.30826641154,22234617,13179668
2026-07-30T01:24:22Z,GRAM,okx,0.0000005906,0.0000125000,0.517,10.95,-0.9528,0.3333,0.6194,6.783,short_cex_long_hl,1.4052,1.405,12119707,6750479
2026-07-30T01:24:22Z,ICP,kraken,-0.0000160006,-0.0000043427,-14.017,-3.804,-0.9326,0.3333,0.5993,6.562,short_cex_long_hl,2.0819,2.08229223689,1354400,652886
2026-07-30T01:24:22Z,XLM,okx,-0.0000117939,-0.0000234377,-10.331,-20.531,0.9315,0.3333,0.5982,6.55,short_hl_long_cex,0.1715,0.17153,6618439,1333619
2026-07-30T01:24:22Z,ADA,okx,-0.0000008063,0.0000106866,-0.706,9.361,-0.9194,0.3333,0.5861,6.418,short_cex_long_hl,0.16279,0.1627,25053206,6423987
2026-07-30T01:24:22Z,WIF,okx,0.0000125000,0.0000010263,10.95,0.899,0.9179,0.3333,0.5846,6.401,short_hl_long_cex,0.14492,0.1449,1962852,786620
2026-07-30T01:24:22Z,ICP,okx,-0.0000160006,-0.0000047208,-14.017,-4.135,-0.9024,0.3333,0.569,6.231,short_cex_long_hl,2.0819,2.082,1354400,652886
2026-07-30T01:24:22Z,TIA,okx,0.0000091689,-0.0000021002,8.032,-1.84,0.9015,0.3333,0.5682,6.222,short_hl_long_cex,0.32241,0.3224,1751593,386338
2026-07-30T01:24:22Z,CFX,okx,0.0000125000,0.0000012573,10.95,1.101,0.8994,0.3333,0.5661,6.199,short_hl_long_cex,0.041727,0.04173,1628812,886357
2026-07-30T01:24:22Z,AERO,okx,0.0000125000,0.0000015111,10.95,1.324,0.8791,0.3333,0.5458,5.976,short_hl_long_cex,0.41814,0.418,7150419,712978
2026-07-30T01:24:22Z,JUP,okx,0.0000018599,0.0000125000,1.629,10.95,-0.8512,0.3333,0.5179,5.671,short_cex_long_hl,0.1977,0.1977,6520292,2640490
2026-07-30T01:24:22Z,KAITO,okx,-0.0000125235,-0.0000231617,-10.971,-20.29,0.8511,0.3333,0.5177,5.669,short_hl_long_cex,1.2364,1.2354,11079971,16760401
2026-07-30T01:24:22Z,STRK,kraken,-0.0000177400,-0.0000071939,-15.54,-6.302,-0.8437,0.3333,0.5104,5.588,short_cex_long_hl,0.02619,0.0261783584,2206843,930103
2026-07-30T01:24:22Z,ATOM,okx,0.0000125000,0.0000020266,10.95,1.775,0.8379,0.3333,0.5045,5.525,short_hl_long_cex,1.2807,1.28,2073234,366912
2026-07-30T01:24:22Z,PEPE,okx,0.0000025409,0.0000125000,2.226,10.95,-0.7967,0.3333,0.4634,5.074,short_cex_long_hl,0.002725,2.725e-06,14708469,6994965
2026-07-30T01:24:22Z,ADA,kraken,-0.0000008063,-0.0000106299,-0.706,-9.312,0.7859,0.3333,0.4526,4.955,short_hl_long_cex,0.16279,0.16273073916,25053206,6423987
2026-07-30T01:24:22Z,XRP,okx,0.0000125000,0.0000029743,10.95,2.605,0.7621,0.3333,0.4287,4.695,short_hl_long_cex,1.0726,1.0725,74820494,42272469
2026-07-30T01:24:22Z,ATOM,kraken,0.0000125000,0.0000218265,10.95,19.12,-0.7461,0.3333,0.4128,4.52,short_cex_long_hl,1.2807,1.28127109318,2073234,366912
2026-07-30T01:24:22Z,GALA,okx,0.0000023872,-0.0000068571,2.091,-6.007,0.7395,0.3333,0.4062,4.448,short_hl_long_cex,0.00181,0.00181,199169,104212
2026-07-30T01:24:22Z,FIL,okx,-0.0000008231,-0.0000100628,-0.721,-8.815,0.7392,0.3333,0.4058,4.444,short_hl_long_cex,0.68065,0.6806,2068755,468574
2026-07-30T01:24:22Z,AR,okx,-0.0000107454,-0.0000015469,-9.413,-1.355,-0.7359,0.3333,0.4025,4.408,short_cex_long_hl,1.7365,1.735,764468,613409
2026-07-30T01:24:22Z,FOGO,okx,0.0000125000,0.0000033716,10.95,2.953,0.7303,0.3333,0.3969,4.347,short_hl_long_cex,0.008128,0.008126,277073,85845
2026-07-30T01:24:22Z,ETH,okx,0.0000125000,0.0000035373,10.95,3.099,0.717,0.3333,0.3837,4.201,short_hl_long_cex,1905.0,1905.0,1808993152,1038190539
2026-07-30T01:24:22Z,COMP,okx,0.0000125000,0.0000036984,10.95,3.24,0.7041,0.3333,0.3708,4.06,short_hl_long_cex,16.685,16.66,689788,141579
2026-07-30T01:24:22Z,BCH,okx,0.0000041871,0.0000125000,3.668,10.95,-0.665,0.3333,0.3317,3.632,short_cex_long_hl,208.96,208.9,4567058,1095671
2026-07-30T01:24:22Z,WLFI,kraken,0.0000125000,0.0000041884,10.95,3.669,0.6649,0.3333,0.3316,3.631,short_hl_long_cex,0.05592,0.05591790048,12595828,612897
2026-07-30T01:24:22Z,FLOKI,okx,0.0000125000,0.0000042557,10.95,3.728,0.6595,0.3333,0.3262,3.572,short_hl_long_cex,0.02036,2.034e-05,551535,80081
2026-07-30T01:24:22Z,SAND,okx,0.0000125000,0.0000042710,10.95,3.741,0.6583,0.3333,0.325,3.559,short_hl_long_cex,0.04134,0.04134,298191,143520
2026-07-30T01:24:22Z,PYTH,kraken,0.0000125000,0.0000203806,10.95,17.853,-0.6304,0.3333,0.2971,3.253,short_cex_long_hl,0.040226,0.04023226173,1477076,220257
2026-07-30T01:24:22Z,PAXG,kraken,-0.0000024828,0.0000052747,-2.175,4.621,-0.6206,0.3333,0.2873,3.146,short_cex_long_hl,4073.9,4071.04691529638,24903971,6035077
2026-07-30T01:24:22Z,VVV,okx,0.0000125000,0.0000049130,10.95,4.304,0.607,0.3333,0.2736,2.996,short_hl_long_cex,12.367,12.362,15993345,2906657
2026-07-30T01:24:22Z,CFX,kraken,0.0000125000,0.0000049870,10.95,4.369,0.601,0.3333,0.2677,2.931,short_hl_long_cex,0.041727,0.04172768567,1628812,886357
2026-07-30T01:24:22Z,SEI,okx,0.0000051572,0.0000125000,4.518,10.95,-0.5874,0.3333,0.2541,2.782,short_cex_long_hl,0.041951,0.04195,1400428,444323
2026-07-30T01:24:22Z,SOL,okx,0.0000090672,0.0000018259,7.943,1.599,0.5793,0.3333,0.246,2.693,short_hl_long_cex,73.57,73.57,332738466,219961973
2026-07-30T01:24:22Z,ARB,okx,0.0000125000,0.0000053975,10.95,4.728,0.5682,0.3333,0.2349,2.572,short_hl_long_cex,0.07931,0.0793,4890842,2068089
2026-07-30T01:24:22Z,SHIB,okx,0.0000040767,0.0000109547,3.571,9.596,-0.5502,0.3333,0.2169,2.375,short_cex_long_hl,0.004653,4.655e-06,2891795,3324995
2026-07-30T01:24:22Z,RENDER,okx,0.0000125000,0.0000056858,10.95,4.981,0.5451,0.3333,0.2118,2.319,short_hl_long_cex,1.3947,1.395,1240311,322080
2026-07-30T01:24:22Z,ASTER,okx,0.0000092739,0.0000027359,8.124,2.397,0.523,0.3333,0.1897,2.077,short_hl_long_cex,0.59015,0.5899,15831907,4264353
2026-07-30T01:24:22Z,DOGE,kraken,0.0000053230,0.0000118441,4.663,10.375,-0.5217,0.3333,0.1884,2.062,short_cex_long_hl,0.070396,0.07035786889,26075907,9384780
2026-07-30T01:24:22Z,PENGU,okx,-0.0000279319,-0.0000214433,-24.468,-18.784,-0.5191,0.3333,0.1858,2.034,short_cex_long_hl,0.005793,0.005792,3747273,1814321
2026-07-30T01:24:22Z,TRX,kraken,-0.0000089356,-0.0000153078,-7.828,-13.41,0.5098,0.3333,0.1764,1.932,short_hl_long_cex,0.32559,0.32535595357,14283719,2549308
2026-07-30T01:24:22Z,MET,okx,0.0000087518,0.0000024174,7.667,2.118,0.5067,0.3333,0.1734,1.899,short_hl_long_cex,0.17296,0.173,2112723,506712
2026-07-30T01:24:22Z,STABLE,okx,-0.0001419135,-0.0001355893,-124.316,-118.776,-0.5059,0.3333,0.1726,1.89,short_cex_long_hl,0.035358,0.03532,2417776,216942
2026-07-30T01:24:22Z,LINK,kraken,0.0000075841,0.0000014938,6.644,1.309,0.4872,0.3333,0.1539,1.685,short_hl_long_cex,8.3324,8.32882438496,38051364,3868542
2026-07-30T01:24:22Z,PEPE,kraken,0.0000025409,0.0000086231,2.226,7.554,-0.4866,0.3333,0.1532,1.678,short_cex_long_hl,0.002725,2.72477e-06,14708469,6994965
2026-07-30T01:24:22Z,ONDO,kraken,0.0000125000,0.0000064649,10.95,5.663,0.4828,0.3333,0.1495,1.637,short_hl_long_cex,0.40414,0.40404006498,15318367,9526923
2026-07-30T01:24:22Z,DYDX,okx,0.0000125000,0.0000067126,10.95,5.88,0.463,0.3333,0.1297,1.42,short_hl_long_cex,0.10997,0.11008,2142856,306835
2026-07-30T01:24:22Z,TRUMP,kraken,-0.0000230950,-0.0000284899,-20.231,-24.957,0.4316,0.3333,0.0983,1.076,short_hl_long_cex,1.4718,1.47248664537,8127857,2221730
2026-07-30T01:24:22Z,DOT,kraken,0.0000125000,0.0000071150,10.95,6.233,0.4308,0.3333,0.0975,1.067,short_hl_long_cex,0.76655,0.76631128349,4797851,1342798
2026-07-30T01:24:22Z,POPCAT,okx,0.0000071756,0.0000125000,6.286,10.95,-0.426,0.3333,0.0926,1.014,short_cex_long_hl,0.041303,0.04128,955032,370491
2026-07-30T01:24:22Z,TAO,kraken,0.0000125000,0.0000177723,10.95,15.569,-0.4218,0.3333,0.0885,0.969,short_cex_long_hl,190.89,190.77986201975,23325758,8457346
2026-07-30T01:24:22Z,HBAR,okx,0.0000096290,0.0000044001,8.435,3.855,0.4183,0.3333,0.085,0.93,short_hl_long_cex,0.068075,0.0681,4284665,760266
2026-07-30T01:24:22Z,LINK,okx,0.0000075841,0.0000125000,6.644,10.95,-0.3933,0.3333,0.0599,0.656,short_cex_long_hl,8.3324,8.334,38051364,3868542
2026-07-30T01:24:22Z,PNUT,okx,0.0000077911,0.0000125000,6.825,10.95,-0.3767,0.3333,0.0434,0.475,short_cex_long_hl,0.0388,0.03881,565168,427771
2026-07-30T01:24:22Z,ENA,okx,0.0000056620,0.0000103118,4.96,9.033,-0.372,0.3333,0.0386,0.423,short_cex_long_hl,0.078142,0.07812,20973415,10122400
2026-07-30T01:24:22Z,BTC,okx,0.0000125000,0.0000079544,10.95,6.968,0.3636,0.3333,0.0303,0.332,short_hl_long_cex,63783.0,63788.0,2122813930,2391079031
2026-07-30T01:24:22Z,TRB,okx,0.0000079783,0.0000125000,6.989,10.95,-0.3617,0.3333,0.0284,0.311,short_cex_long_hl,13.4315,13.42,367459,115873
2026-07-30T01:24:22Z,DOGE,okx,0.0000053230,0.0000008263,4.663,0.724,0.3597,0.3333,0.0264,0.289,short_hl_long_cex,0.070396,0.0704,26075907,9384780
2026-07-30T01:24:22Z,ARB,kraken,0.0000125000,0.0000169939,10.95,14.887,-0.3595,0.3333,0.0262,0.287,short_cex_long_hl,0.07931,0.07929485585,4890842,2068089
2026-07-30T01:24:22Z,TRUMP,okx,-0.0000230950,-0.0000188171,-20.231,-16.484,-0.3422,0.3333,0.0089,0.097,short_cex_long_hl,1.4718,1.472,8127857,2221730
2026-07-30T01:24:22Z,TURBO,okx,0.0000125000,0.0000085293,10.95,7.472,0.3177,0.3333,-0.0157,-0.172,short_hl_long_cex,0.000761,0.0007613,253728,175209
2026-07-30T01:24:22Z,HYPE,okx,0.0000125000,0.0000085830,10.95,7.519,0.3134,0.3333,-0.02,-0.219,short_hl_long_cex,53.953,54.012,1211004906,286801243
2026-07-30T01:24:22Z,ASTER,kraken,0.0000092739,0.0000129297,8.124,11.326,-0.2925,0.3333,-0.0409,-0.447,short_cex_long_hl,0.59015,0.59000459812,15831907,4264353
2026-07-30T01:24:22Z,XRP,kraken,0.0000125000,0.0000159449,10.95,13.968,-0.2756,0.3333,-0.0577,-0.632,short_cex_long_hl,1.0726,1.07194224559,74820494,42272469
2026-07-30T01:24:22Z,ZETA,okx,0.0000092339,0.0000125000,8.089,10.95,-0.2613,0.3333,-0.072,-0.789,short_cex_long_hl,0.02854,0.02852,657307,224723
2026-07-30T01:24:22Z,AVAX,kraken,0.0000077391,0.0000046597,6.779,4.082,0.2463,0.3333,-0.087,-0.952,short_hl_long_cex,6.421,6.41876561601,12410804,3475578
2026-07-30T01:24:22Z,FIL,kraken,-0.0000008231,0.0000019036,-0.721,1.668,-0.2181,0.3333,-0.1152,-1.261,short_cex_long_hl,0.68065,0.68074570442,2068755,468574
2026-07-30T01:24:22Z,LTC,kraken,0.0000001288,-0.0000025930,0.113,-2.271,0.2177,0.3333,-0.1156,-1.266,short_hl_long_cex,45.224,45.21567852071,11003186,3021716
2026-07-30T01:24:22Z,AVAX,okx,0.0000077391,0.0000051664,6.779,4.526,0.2058,0.3333,-0.1275,-1.396,short_hl_long_cex,6.421,6.419,12410804,3475578
2026-07-30T01:24:22Z,NEAR,kraken,0.0000069042,0.0000046365,6.048,4.062,0.1814,0.3333,-0.1519,-1.664,short_hl_long_cex,1.6125,1.611960874,46782489,24194427
2026-07-30T01:24:22Z,TRX,okx,-0.0000089356,-0.0000070520,-7.828,-6.178,-0.1507,0.3333,-0.1826,-2.0,short_cex_long_hl,0.32559,0.32556,14283719,2549308
2026-07-30T01:24:22Z,ETH,kraken,0.0000125000,0.0000142308,10.95,12.466,-0.1385,0.3333,-0.1949,-2.134,short_cex_long_hl,1905.0,1903.73388024458,1808993152,1038190539
2026-07-30T01:24:22Z,WIF,kraken,0.0000125000,0.0000111113,10.95,9.734,0.1111,0.3333,-0.2222,-2.434,short_hl_long_cex,0.14492,0.14496980538,1962852,786620
2026-07-30T01:24:22Z,LTC,okx,0.0000001288,-0.0000010113,0.113,-0.886,0.0912,0.3333,-0.2421,-2.651,short_hl_long_cex,45.224,45.22,11003186,3021716
2026-07-30T01:24:22Z,BTC,kraken,0.0000125000,0.0000134194,10.95,11.755,-0.0735,0.3333,-0.2598,-2.845,short_cex_long_hl,63783.0,63742.71950864555,2122813930,2391079031
2026-07-30T01:24:22Z,AXS,okx,0.0000024642,0.0000032094,2.159,2.811,-0.0596,0.3333,-0.2737,-2.997,short_cex_long_hl,0.82192,0.8225,292671,132909
2026-07-30T01:24:22Z,MOVE,okx,0.0000125000,0.0000119484,10.95,10.467,0.0441,0.3333,-0.2892,-3.167,short_hl_long_cex,0.007941,0.00793,432957,206198
2026-07-30T01:24:22Z,DASH,okx,0.0000125000,0.0000119621,10.95,10.479,0.043,0.3333,-0.2903,-3.179,short_hl_long_cex,29.425,29.44,739209,578667
2026-07-30T01:24:22Z,BABY,okx,0.0000125000,0.0000121367,10.95,10.632,0.0291,0.3333,-0.3043,-3.332,short_hl_long_cex,0.011243,0.01122,104908,107124
2026-07-30T01:24:22Z,LIT,okx,0.0000125000,0.0000121553,10.95,10.648,0.0276,0.3333,-0.3058,-3.348,short_hl_long_cex,2.1777,2.175,83917073,25825921
2026-07-30T01:24:22Z,BNB,okx,0.0000125000,0.0000125000,10.95,10.95,0.0,0.3333,-0.3333,-3.65,short_cex_long_hl,572.48,572.4,21774663,3340797
2026-07-30T01:24:22Z,OP,okx,0.0000125000,0.0000125000,10.95,10.95,0.0,0.3333,-0.3333,-3.65,short_cex_long_hl,0.08909,0.0891,3354316,804992
2026-07-30T01:24:22Z,SUI,okx,0.0000125000,0.0000125000,10.95,10.95,0.0,0.3333,-0.3333,-3.65,short_cex_long_hl,0.68565,0.6857,21320266,4105467
2026-07-30T01:24:22Z,LDO,okx,0.0000125000,0.0000125000,10.95,10.95,0.0,0.3333,-0.3333,-3.65,short_cex_long_hl,0.36457,0.3644,13864609,1041188
2026-07-30T01:24:22Z,STX,okx,0.0000125000,0.0000125000,10.95,10.95,0.0,0.3333,-0.3333,-3.65,short_cex_long_hl,0.13482,0.1348,421962,178835
2026-07-30T01:24:22Z,GMX,okx,0.0000125000,0.0000125000,10.95,10.95,0.0,0.3333,-0.3333,-3.65,short_cex_long_hl,6.4595,6.453,582866,276425
2026-07-30T01:24:22Z,APT,okx,0.0000125000,0.0000125000,10.95,10.95,0.0,0.3333,-0.3333,-3.65,short_cex_long_hl,0.5659,0.5658,3786964,1656550
2026-07-30T01:24:22Z,YGG,okx,0.0000125000,0.0000125000,10.95,10.95,0.0,0.3333,-0.3333,-3.65,short_cex_long_hl,0.017225,0.01722,213463,198453
2026-07-30T01:24:22Z,UNI,okx,0.0000125000,0.0000125000,10.95,10.95,0.0,0.3333,-0.3333,-3.65,short_cex_long_hl,3.9945,3.994,20121242,15090820
2026-07-30T01:24:22Z,ZRO,okx,0.0000125000,0.0000125000,10.95,10.95,0.0,0.3333,-0.3333,-3.65,short_cex_long_hl,0.76381,0.7634,27547928,2133042
2026-07-30T01:24:22Z,DOT,okx,0.0000125000,0.0000125000,10.95,10.95,0.0,0.3333,-0.3333,-3.65,short_cex_long_hl,0.76655,0.7665,4797851,1342798
2026-07-30T01:24:22Z,BIGTIME,okx,0.0000125000,0.0000125000,10.95,10.95,0.0,0.3333,-0.3333,-3.65,short_cex_long_hl,0.005631,0.005632,100163,105797
2026-07-30T01:24:22Z,BLUR,okx,0.0000125000,0.0000125000,10.95,10.95,0.0,0.3333,-0.3333,-3.65,short_cex_long_hl,0.014145,0.01416,819898,239197
2026-07-30T01:24:22Z,PENDLE,okx,0.0000125000,0.0000125000,10.95,10.95,0.0,0.3333,-0.3333,-3.65,short_cex_long_hl,1.4238,1.423,6708348,789639
2026-07-30T01:24:22Z,ORDI,okx,0.0000125000,0.0000125000,10.95,10.95,0.0,0.3333,-0.3333,-3.65,short_cex_long_hl,3.3087,3.31,395201,139701
2026-07-30T01:24:22Z,NEO,okx,0.0000125000,0.0000125000,10.95,10.95,0.0,0.3333,-0.3333,-3.65,short_cex_long_hl,1.8135,1.812,213557,142309
2026-07-30T01:24:22Z,ZEN,okx,0.0000125000,0.0000125000,10.95,10.95,0.0,0.3333,-0.3333,-3.65,short_cex_long_hl,3.8168,3.813,222350,137342
2026-07-30T01:24:22Z,PYTH,okx,0.0000125000,0.0000125000,10.95,10.95,0.0,0.3333,-0.3333,-3.65,short_cex_long_hl,0.040226,0.0402,1477076,220257
2026-07-30T01:24:22Z,GMT,okx,0.0000125000,0.0000125000,10.95,10.95,0.0,0.3333,-0.3333,-3.65,short_cex_long_hl,0.006395,0.006396,112528,125917
2026-07-30T01:24:22Z,RSR,okx,0.0000125000,0.0000125000,10.95,10.95,0.0,0.3333,-0.3333,-3.65,short_cex_long_hl,0.001248,0.001245,166934,79054
2026-07-30T01:24:22Z,PEOPLE,okx,0.0000125000,0.0000125000,10.95,10.95,0.0,0.3333,-0.3333,-3.65,short_cex_long_hl,0.006727,0.006725,1374940,525720
2026-07-30T01:24:22Z,ENS,okx,0.0000125000,0.0000125000,10.95,10.95,0.0,0.3333,-0.3333,-3.65,short_cex_long_hl,4.2341,4.235,1312118,705692
2026-07-30T01:24:22Z,ONDO,okx,0.0000125000,0.0000125000,10.95,10.95,0.0,0.3333,-0.3333,-3.65,short_cex_long_hl,0.40414,0.404,15318367,9526923
2026-07-30T01:24:22Z,TAO,okx,0.0000125000,0.0000125000,10.95,10.95,0.0,0.3333,-0.3333,-3.65,short_cex_long_hl,190.89,190.8,23325758,8457346
2026-07-30T01:24:22Z,BOME,okx,0.0000125000,0.0000125000,10.95,10.95,0.0,0.3333,-0.3333,-3.65,short_cex_long_hl,0.000561,0.0005612,1216567,277369
2026-07-30T01:24:22Z,ETHFI,okx,0.0000125000,0.0000125000,10.95,10.95,0.0,0.3333,-0.3333,-3.65,short_cex_long_hl,0.39831,0.3983,7643059,1274921
2026-07-30T01:24:22Z,MERL,okx,0.0000125000,0.0000125000,10.95,10.95,0.0,0.3333,-0.3333,-3.65,short_cex_long_hl,0.017127,0.01713,314302,130425
2026-07-30T01:24:22Z,BRETT,okx,0.0000125000,0.0000125000,10.95,10.95,0.0,0.3333,-0.3333,-3.65,short_cex_long_hl,0.004009,0.004012,449873,375721
2026-07-30T01:24:22Z,HMSTR,okx,0.0000125000,0.0000125000,10.95,10.95,0.0,0.3333,-0.3333,-3.65,short_cex_long_hl,0.000169,0.0001697,343251,214208
2026-07-30T01:24:22Z,MOODENG,okx,0.0000125000,0.0000125000,10.95,10.95,0.0,0.3333,-0.3333,-3.65,short_cex_long_hl,0.034366,0.03444,214311,196389
2026-07-30T01:24:22Z,GRASS,okx,0.0000125000,0.0000125000,10.95,10.95,0.0,0.3333,-0.3333,-3.65,short_cex_long_hl,0.30992,0.3093,7134523,850841
2026-07-30T01:24:22Z,VIRTUAL,okx,0.0000125000,0.0000125000,10.95,10.95,0.0,0.3333,-0.3333,-3.65,short_cex_long_hl,0.56,0.5601,6214191,1059013
2026-07-30T01:24:22Z,FARTCOIN,okx,0.0000125000,0.0000125000,10.95,10.95,0.0,0.3333,-0.3333,-3.65,short_cex_long_hl,0.12159,0.1216,15265746,6439001
2026-07-30T01:24:22Z,AIXBT,okx,0.0000125000,0.0000125000,10.95,10.95,0.0,0.3333,-0.3333,-3.65,short_cex_long_hl,0.016696,0.01671,454977,1721386
2026-07-30T01:24:22Z,SPX,okx,0.0000125000,0.0000125000,10.95,10.95,0.0,0.3333,-0.3333,-3.65,short_cex_long_hl,0.33009,0.3297,2260554,1621122
2026-07-30T01:24:22Z,ANIME,okx,0.0000125000,0.0000125000,10.95,10.95,0.0,0.3333,-0.3333,-3.65,short_cex_long_hl,0.002414,0.002413,139248,76949
2026-07-30T01:24:22Z,BERA,okx,0.0000125000,0.0000125000,10.95,10.95,0.0,0.3333,-0.3333,-3.65,short_cex_long_hl,0.15175,0.1517,1242197,584914
2026-07-30T01:24:22Z,WCT,okx,0.0000125000,0.0000125000,10.95,10.95,0.0,0.3333,-0.3333,-3.65,short_cex_long_hl,0.03536,0.03534,33013,82053
2026-07-30T01:24:22Z,ZORA,okx,0.0000125000,0.0000125000,10.95,10.95,0.0,0.3333,-0.3333,-3.65,short_cex_long_hl,0.005667,0.00566,815051,308590
2026-07-30T01:24:22Z,SOPH,okx,0.0000125000,0.0000125000,10.95,10.95,0.0,0.3333,-0.3333,-3.65,short_cex_long_hl,0.003935,0.003931,109107,76009
2026-07-30T01:24:22Z,RESOLV,okx,0.0000125000,0.0000125000,10.95,10.95,0.0,0.3333,-0.3333,-3.65,short_cex_long_hl,0.015715,0.01573,398934,144362
2026-07-30T01:24:22Z,SYRUP,okx,0.0000125000,0.0000125000,10.95,10.95,0.0,0.3333,-0.3333,-3.65,short_cex_long_hl,0.16381,0.1638,1999146,304908
2026-07-30T01:24:22Z,WLFI,okx,0.0000125000,0.0000125000,10.95,10.95,0.0,0.3333,-0.3333,-3.65,short_cex_long_hl,0.05592,0.0559,12595828,612897
2026-07-30T01:24:22Z,LINEA,okx,0.0000125000,0.0000125000,10.95,10.95,0.0,0.3333,-0.3333,-3.65,short_cex_long_hl,0.0022,0.002199,1065912,509335
2026-07-30T01:24:22Z,SKY,okx,0.0000125000,0.0000125000,10.95,10.95,0.0,0.3333,-0.3333,-3.65,short_cex_long_hl,0.057869,0.0579,2080706,299141
2026-07-30T01:24:22Z,AVNT,okx,0.0000125000,0.0000125000,10.95,10.95,0.0,0.3333,-0.3333,-3.65,short_cex_long_hl,0.082717,0.08274,609554,170769
2026-07-30T01:24:22Z,2Z,okx,0.0000125000,0.0000125000,10.95,10.95,0.0,0.3333,-0.3333,-3.65,short_cex_long_hl,0.055727,0.05572,543750,160385
2026-07-30T01:24:22Z,MON,okx,0.0000125000,0.0000125000,10.95,10.95,0.0,0.3333,-0.3333,-3.65,short_cex_long_hl,0.02083,0.02079,23614121,940187
2026-07-30T01:24:22Z,MEGA,okx,0.0000125000,0.0000125000,10.95,10.95,0.0,0.3333,-0.3333,-3.65,short_cex_long_hl,0.036861,0.03684,4254133,634092
2026-07-30T01:24:22Z,CC,okx,0.0000125000,0.0000125000,10.95,10.95,0.0,0.3333,-0.3333,-3.65,short_cex_long_hl,0.12264,0.12267,3376697,611734
2026-07-30T01:24:22Z,AZTEC,okx,0.0000125000,0.0000125000,10.95,10.95,0.0,0.3333,-0.3333,-3.65,short_cex_long_hl,0.014609,0.01457,677862,362136
2026-07-31T19:17:08Z,MINA,kraken,-0.0000320416,0.0050053170,-28.068,4384.658,-402.9887,0.3333,402.6554,4409.076,short_cex_long_hl,0.041083,0.04097342859,696318,205125
2026-07-31T19:17:08Z,SAGA,kraken,0.0005704053,-0.0002191705,499.675,-191.993,63.1661,0.3333,62.8327,688.018,short_hl_long_cex,0.01252,0.01239995137,1929463,62447
2026-07-31T19:17:08Z,DYM,kraken,0.0000125000,-0.0004201880,10.95,-368.085,34.615,0.3333,34.2817,375.385,short_hl_long_cex,0.01303,0.01303425782,98870,46321
2026-07-31T19:17:08Z,MOODENG,kraken,0.0000125000,0.0003943071,10.95,345.413,-30.5446,0.3333,30.2112,330.813,short_cex_long_hl,0.034815,0.03487583712,219283,91443
2026-07-31T19:17:08Z,FLOKI,kraken,0.0000125000,-0.0003267200,10.95,-286.207,27.1376,0.3333,26.8043,293.507,short_hl_long_cex,0.020329,2.02791e-05,531613,149175
2026-07-31T19:17:08Z,MELANIA,kraken,0.0000125000,-0.0003147559,10.95,-275.726,26.1805,0.3333,25.8471,283.026,short_hl_long_cex,0.07877,0.07847627145,802240,130979
2026-07-31T19:17:08Z,HMSTR,kraken,0.0000125000,-0.0002885240,10.95,-252.747,24.0819,0.3333,23.7486,260.047,short_hl_long_cex,0.000167,0.00016706321,376978,74288
2026-07-31T19:17:08Z,MOVE,kraken,0.0000125000,-0.0002817824,10.95,-246.841,23.5426,0.3333,23.2093,254.141,short_hl_long_cex,0.007392,0.00738591466,452777,335339
2026-07-31T19:17:08Z,BIGTIME,kraken,0.0000125000,0.0002861970,10.95,250.709,-21.8958,0.3333,21.5624,236.109,short_cex_long_hl,0.005668,0.00567629102,128931,171147
2026-07-31T19:17:08Z,BERA,kraken,0.0000125000,0.0002807436,10.95,245.931,-21.4595,0.3333,21.1262,231.331,short_cex_long_hl,0.1516,0.15174265624,1169884,490746
2026-07-31T19:17:08Z,TRB,kraken,-0.0000134196,0.0002483976,-11.756,217.596,-20.9454,0.3333,20.612,225.702,short_cex_long_hl,13.497,13.51515420822,405232,83245
2026-07-31T19:17:08Z,NOT,kraken,-0.0001014990,0.0001441981,-88.913,126.318,-19.6558,0.3333,19.3224,211.581,short_cex_long_hl,0.000332,0.00033250912,197478,16505
2026-07-31T19:17:08Z,ACE,kraken,-0.0002939104,-0.0000527162,-257.466,-46.179,-19.2955,0.3333,18.9622,207.636,short_cex_long_hl,0.0665,0.06659484319,350376,634615
2026-07-31T19:17:08Z,NEO,kraken,0.0000125000,-0.0002163687,10.95,-189.539,18.3095,0.3333,17.9762,196.839,short_hl_long_cex,1.8513,1.84995143132,221684,135194
2026-07-31T19:17:08Z,MORPHO,kraken,-0.0000268058,-0.0002430372,-23.482,-212.901,17.2985,0.3333,16.9652,185.769,short_hl_long_cex,1.9575,1.95434703419,3776628,578981
2026-07-31T19:17:08Z,AR,kraken,0.0000125000,-0.0001852667,10.95,-162.294,15.8213,0.3333,15.488,169.594,short_hl_long_cex,1.7285,1.72703360205,698662,218093
2026-07-31T19:17:08Z,DASH,kraken,0.0000125000,0.0002060683,10.95,180.516,-15.4855,0.3333,15.1521,165.916,short_cex_long_hl,30.225,30.24731118938,753542,235618
2026-07-31T19:17:08Z,CAKE,kraken,0.0000125000,-0.0001805366,10.95,-158.15,15.4429,0.3333,15.1096,165.45,short_hl_long_cex,1.4507,1.4480158432,1079180,578997
2026-07-31T19:17:08Z,STABLE,okx,-0.0002353464,-0.0000516044,-206.163,-45.205,-14.6994,0.3333,14.366,157.308,short_cex_long_hl,0.033765,0.0338,2123555,153321
2026-07-31T19:17:08Z,S,kraken,0.0000125000,-0.0001705071,10.95,-149.364,14.6406,0.3333,14.3072,156.664,short_hl_long_cex,0.021288,0.02127575156,696060,230186
2026-07-31T19:17:08Z,CFX,kraken,-0.0000527304,-0.0002281889,-46.192,-199.893,14.0367,0.3333,13.7033,150.052,short_hl_long_cex,0.043157,0.04312927336,1496794,2784619
2026-07-31T19:17:08Z,BONK,kraken,0.0000125000,-0.0001598639,10.95,-140.041,13.7891,0.3333,13.4558,147.341,short_hl_long_cex,0.002792,2.79002e-06,4634414,1798816
2026-07-31T19:17:08Z,ZEN,kraken,0.0000125000,-0.0001546582,10.95,-135.481,13.3727,0.3333,13.0393,142.781,short_hl_long_cex,3.8985,3.89392293651,206148,205846
2026-07-31T19:17:08Z,REZ,kraken,0.0000125000,-0.0001529633,10.95,-133.996,13.2371,0.3333,12.9037,141.296,short_hl_long_cex,0.002608,0.00260643739,370684,110273
2026-07-31T19:17:08Z,PENDLE,kraken,0.0000125000,-0.0001478872,10.95,-129.549,12.831,0.3333,12.4976,136.849,short_hl_long_cex,1.4484,1.44594630743,6711367,680034
2026-07-31T19:17:08Z,YGG,kraken,0.0000050056,-0.0001505386,4.385,-131.872,12.4435,0.3333,12.1102,132.607,short_hl_long_cex,0.01789,0.01788250586,217677,119348
2026-07-31T19:17:08Z,XPL,kraken,0.0000125000,-0.0001338158,10.95,-117.223,11.7053,0.3333,11.3719,124.523,short_hl_long_cex,0.074295,0.07430344027,22372528,3503449
2026-07-31T19:17:08Z,SYRUP,kraken,0.0000125000,0.0001558956,10.95,136.565,-11.4717,0.3333,11.1383,121.965,short_cex_long_hl,0.1611,0.16122708296,1936928,156831
2026-07-31T19:17:08Z,MNT,kraken,0.0000125000,-0.0001258962,10.95,-110.285,11.0717,0.3333,10.7384,117.585,short_hl_long_cex,0.39122,0.39028046388,1623628,173821
2026-07-31T19:17:08Z,ZK,kraken,0.0000125000,-0.0001247672,10.95,-109.296,10.9814,0.3333,10.648,116.596,short_hl_long_cex,0.007768,0.00777236006,451092,278995
2026-07-31T19:17:08Z,AIXBT,kraken,0.0000125000,-0.0001205879,10.95,-105.635,10.647,0.3333,10.3137,112.935,short_hl_long_cex,0.016994,0.01697271372,417056,273673
2026-07-31T19:17:08Z,PEOPLE,kraken,0.0000125000,0.0001344899,10.95,117.813,-9.7592,0.3333,9.4259,103.213,short_cex_long_hl,0.007097,0.00709253424,1617715,515041
2026-07-31T19:17:08Z,XMR,kraken,-0.0000212225,0.0000975651,-18.591,85.467,-9.503,0.3333,9.1697,100.408,short_cex_long_hl,352.525,352.22436864787,34811237,11419025
2026-07-31T19:17:08Z,SUPER,kraken,-0.0000754065,-0.0001934787,-66.056,-169.487,9.4458,0.3333,9.1124,99.781,short_hl_long_cex,0.082244,0.08223114483,251954,147930
2026-07-31T19:17:08Z,NOT,okx,-0.0001014990,0.0000125000,-88.913,10.95,-9.1199,0.3333,8.7866,96.213,short_cex_long_hl,0.000332,0.0003322,197478,16505
2026-07-31T19:17:08Z,INIT,kraken,0.0000125000,0.0001260281,10.95,110.401,-9.0823,0.3333,8.7489,95.801,short_cex_long_hl,0.049575,0.04965259228,161691,292836
2026-07-31T19:17:08Z,RSR,kraken,0.0000125000,-0.0000998245,10.95,-87.446,8.986,0.3333,8.6526,94.746,short_hl_long_cex,0.001247,0.00124734948,161184,97099
2026-07-31T19:17:08Z,LAYER,kraken,0.0000125000,-0.0000895590,10.95,-78.454,8.1647,0.3333,7.8314,85.754,short_hl_long_cex,0.062639,0.06265546304,707168,301979
2026-07-31T19:17:08Z,APT,kraken,0.0000001313,-0.0001017118,0.115,-89.1,8.1474,0.3333,7.8141,85.565,short_hl_long_cex,0.5634,0.56310360843,3750442,1253040
2026-07-31T19:17:08Z,USUAL,kraken,0.0000125000,-0.0000884829,10.95,-77.511,8.0786,0.3333,7.7453,84.811,short_hl_long_cex,0.00774,0.00773439127,148565,78379
2026-07-31T19:17:08Z,POPCAT,kraken,-0.0000484892,-0.0001492924,-42.477,-130.78,8.0643,0.3333,7.7309,84.654,short_hl_long_cex,0.043264,0.0432893579,1017644,281392
2026-07-31T19:17:08Z,RENDER,kraken,0.0000125000,-0.0000863029,10.95,-75.601,7.9042,0.3333,7.5709,82.901,short_hl_long_cex,1.3766,1.37665561129,1337904,499113
2026-07-31T19:17:08Z,GRASS,kraken,0.0000125000,-0.0000840436,10.95,-73.622,7.7235,0.3333,7.3902,80.922,short_hl_long_cex,0.31285,0.31195424023,7336166,682858
2026-07-31T19:17:08Z,GOAT,kraken,0.0000125000,-0.0000838512,10.95,-73.454,7.7081,0.3333,7.3748,80.754,short_hl_long_cex,0.012815,0.01276706346,176966,246984
2026-07-31T19:17:08Z,IMX,okx,-0.0000958089,-0.0000013095,-83.929,-1.147,-7.5599,0.3333,7.2266,79.131,short_cex_long_hl,0.10651,0.1064,922254,291681
2026-07-31T19:17:08Z,PUMP,kraken,0.0000125000,-0.0000809575,10.95,-70.919,7.4766,0.3333,7.1433,78.219,short_hl_long_cex,0.002107,0.00210347925,51602209,24560166
2026-07-31T19:17:08Z,COMP,kraken,0.0000125000,-0.0000807801,10.95,-70.763,7.4624,0.3333,7.1291,78.063,short_hl_long_cex,16.472,16.47659931471,754786,188074
2026-07-31T19:17:08Z,BOME,kraken,0.0000125000,-0.0000781397,10.95,-68.45,7.2512,0.3333,6.9178,75.75,short_hl_long_cex,0.000601,0.00060065206,1719352,432662
2026-07-31T19:17:08Z,UMA,kraken,-0.0000232991,-0.0001032676,-20.41,-90.462,6.3975,0.3333,6.0641,66.402,short_hl_long_cex,0.33976,0.33994502165,413121,103139
2026-07-31T19:17:08Z,GMX,kraken,0.0000125000,0.0000916530,10.95,80.288,-6.3322,0.3333,5.9989,65.688,short_cex_long_hl,6.0482,6.04839553314,585495,258389
2026-07-31T19:17:08Z,TURBO,kraken,0.0000125000,-0.0000647480,10.95,-56.719,6.1798,0.3333,5.8465,64.019,short_hl_long_cex,0.000784,0.0007866266,283369,113522
2026-07-31T19:17:08Z,AERO,okx,-0.0000609592,0.0000125000,-53.4,10.95,-5.8767,0.3333,5.5434,60.7,short_cex_long_hl,0.41713,0.4171,7102710,643057
2026-07-31T19:17:08Z,GRIFFAIN,kraken,0.0000125000,0.0000856307,10.95,75.012,-5.8505,0.3333,5.5171,60.412,short_cex_long_hl,0.007955,0.00794751161,550279,97302
2026-07-31T19:17:08Z,IO,kraken,0.0000125000,-0.0000553844,10.95,-48.517,5.4307,0.3333,5.0974,55.817,short_hl_long_cex,0.13345,0.13355034477,491144,237996
2026-07-31T19:17:08Z,PNUT,kraken,0.0000125000,0.0000779169,10.95,68.255,-5.2334,0.3333,4.9,53.655,short_cex_long_hl,0.03889,0.03893093099,496065,260122
2026-07-31T19:17:08Z,PEPE,kraken,0.0000125000,0.0000760668,10.95,66.635,-5.0853,0.3333,4.752,52.035,short_cex_long_hl,0.002759,2.75669e-06,14571633,3636396
2026-07-31T19:17:08Z,KAITO,kraken,-0.0000274884,-0.0000887357,-24.08,-77.732,4.8998,0.3333,4.5664,50.003,short_hl_long_cex,1.091845,1.09148831336,9526505,8780159
2026-07-31T19:17:08Z,SUSHI,kraken,0.0000125000,-0.0000486678,10.95,-42.633,4.8934,0.3333,4.5601,49.933,short_hl_long_cex,0.15113,0.15127617515,312554,102175
2026-07-31T19:17:08Z,POPCAT,okx,-0.0000484892,0.0000125000,-42.477,10.95,-4.8791,0.3333,4.5458,49.777,short_cex_long_hl,0.043264,0.04323,1017644,281392
2026-07-31T19:17:08Z,IOTA,kraken,0.0000125000,-0.0000475836,10.95,-41.683,4.8067,0.3333,4.4734,48.983,short_hl_long_cex,0.03168,0.0317004991,388331,81044
2026-07-31T19:17:08Z,JTO,kraken,0.0000125000,-0.0000466335,10.95,-40.851,4.7307,0.3333,4.3973,48.151,short_hl_long_cex,0.51569,0.51576531488,9294707,1239167
2026-07-31T19:17:08Z,NEIRO,kraken,-0.0000284537,0.0000305446,-24.925,26.757,-4.7199,0.3333,4.3865,48.033,short_cex_long_hl,0.0609,6.090098e-05,203783,268606
2026-07-31T19:17:08Z,AR,okx,0.0000125000,-0.0000463953,10.95,-40.642,4.7116,0.3333,4.3783,47.942,short_hl_long_cex,1.7285,1.728,698662,218093
2026-07-31T19:17:08Z,SAND,kraken,0.0000125000,-0.0000422770,10.95,-37.035,4.3822,0.3333,4.0488,44.335,short_hl_long_cex,0.041866,0.04188216309,311133,365597
2026-07-31T19:17:08Z,S,okx,0.0000125000,-0.0000412604,10.95,-36.144,4.3008,0.3333,3.9675,43.444,short_hl_long_cex,0.021288,0.02127,696060,230186
2026-07-31T19:17:08Z,STX,kraken,0.0000125000,0.0000657908,10.95,57.633,-4.2633,0.3333,3.9299,43.033,short_cex_long_hl,0.13885,0.13904583203,420939,202723
2026-07-31T19:17:08Z,DOT,kraken,0.0000125000,-0.0000405786,10.95,-35.547,4.2463,0.3333,3.913,42.847,short_hl_long_cex,0.76308,0.76295758364,4806288,983448
2026-07-31T19:17:08Z,TAO,kraken,0.0000125000,0.0000645798,10.95,56.572,-4.1664,0.3333,3.8331,41.972,short_cex_long_hl,195.12,194.90339868632,24659587,3842685
2026-07-31T19:17:08Z,SNX,kraken,0.0000125000,0.0000628991,10.95,55.1,-4.0319,0.3333,3.6986,40.5,short_cex_long_hl,0.21365,0.21373003745,731970,350995
2026-07-31T19:17:08Z,GMT,kraken,0.0000125000,-0.0000368781,10.95,-32.305,3.9502,0.3333,3.6169,39.605,short_hl_long_cex,0.006673,0.00667724587,124844,263050
2026-07-31T19:17:08Z,WIF,kraken,0.0000125000,-0.0000346648,10.95,-30.366,3.7732,0.3333,3.4398,37.666,short_hl_long_cex,0.1436,0.14350254262,1846816,527288
2026-07-31T19:17:08Z,SHIB,kraken,0.0000125000,-0.0000334655,10.95,-29.316,3.6772,0.3333,3.3439,36.616,short_hl_long_cex,0.004766,4.76003e-06,3988150,3259277
2026-07-31T19:17:08Z,MINA,okx,-0.0000320416,0.0000125000,-28.068,10.95,-3.5633,0.3333,3.23,35.368,short_cex_long_hl,0.041083,0.04107,696318,205125
2026-07-31T19:17:08Z,BRETT,kraken,0.0000125000,0.0000569034,10.95,49.847,-3.5523,0.3333,3.2189,35.247,short_cex_long_hl,0.003898,0.00389595052,460782,154585
2026-07-31T19:17:08Z,STRK,okx,0.0000125000,-0.0000307430,10.95,-26.931,3.4594,0.3333,3.1261,34.231,short_hl_long_cex,0.02554,0.02553,2203219,380876
2026-07-31T19:17:08Z,ANIME,okx,0.0000125000,-0.0000306727,10.95,-26.869,3.4538,0.3333,3.1205,34.169,short_hl_long_cex,0.002436,0.002432,140095,66498
2026-07-31T19:17:08Z,TRUMP,okx,-0.0000304077,0.0000125000,-26.637,10.95,-3.4326,0.3333,3.0993,33.937,short_cex_long_hl,1.4377,1.438,8066984,838824
2026-07-31T19:17:08Z,SAND,okx,0.0000125000,-0.0000299549,10.95,-26.24,3.3964,0.3333,3.0631,33.54,short_hl_long_cex,0.041866,0.04188,311133,365597
2026-07-31T19:17:08Z,ENA,kraken,0.0000125000,-0.0000294287,10.95,-25.78,3.3543,0.3333,3.021,33.08,short_hl_long_cex,0.080705,0.08070500577,20999364,3381478
2026-07-31T19:17:08Z,VIRTUAL,kraken,-0.0000224430,-0.0000631596,-19.66,-55.328,3.2573,0.3333,2.924,32.018,short_hl_long_cex,0.55071,0.55078587351,5984340,1096493
2026-07-31T19:17:08Z,UNI,kraken,0.0000125000,0.0000531385,10.95,46.549,-3.2511,0.3333,2.9177,31.949,short_cex_long_hl,4.2565,4.25853332962,20613272,24816478
2026-07-31T19:17:08Z,AAVE,kraken,0.0000105084,-0.0000298159,9.205,-26.119,3.2259,0.3333,2.8926,31.674,short_hl_long_cex,96.612,96.58195864351,73890684,12661188
2026-07-31T19:17:08Z,ETC,okx,0.0000125000,-0.0000272741,10.95,-23.892,3.1819,0.3333,2.8486,31.192,short_hl_long_cex,6.6115,6.611,1079121,346712
2026-07-31T19:17:08Z,ZETA,kraken,-0.0000247711,-0.0000641255,-21.699,-56.174,3.1483,0.3333,2.815,30.824,short_hl_long_cex,0.02868,0.02870536548,672853,111589
2026-07-31T19:17:08Z,ICP,okx,-0.0000275764,0.0000109663,-24.157,9.606,-3.0834,0.3333,2.7501,30.113,short_cex_long_hl,2.0688,2.069,1365871,305869
2026-07-31T19:17:08Z,ZETA,okx,-0.0000247711,0.0000125000,-21.699,10.95,-2.9817,0.3333,2.6484,28.999,short_cex_long_hl,0.02868,0.02868,672853,111589
2026-07-31T19:17:08Z,ALT,kraken,0.0000125000,-0.0000236778,10.95,-20.742,2.8942,0.3333,2.5609,28.042,short_hl_long_cex,0.005781,0.00578457753,538619,88159
2026-07-31T19:17:08Z,UMA,okx,-0.0000232991,0.0000125000,-20.41,10.95,-2.8639,0.3333,2.5306,27.71,short_cex_long_hl,0.33976,0.3398,413121,103139
2026-07-31T19:17:08Z,NEO,okx,0.0000125000,-0.0000225511,10.95,-19.755,2.8041,0.3333,2.4708,27.055,short_hl_long_cex,1.8513,1.85,221684,135194
2026-07-31T19:17:08Z,DOT,okx,0.0000125000,-0.0000221541,10.95,-19.407,2.7723,0.3333,2.439,26.707,short_hl_long_cex,0.76308,0.763,4806288,983448
2026-07-31T19:17:08Z,TNSR,kraken,0.0000125000,-0.0000219293,10.95,-19.21,2.7543,0.3333,2.421,26.51,short_hl_long_cex,0.03082,0.03084956992,94238,15003
2026-07-31T19:17:08Z,GAS,okx,-0.0000211128,0.0000125000,-18.495,10.95,-2.689,0.3333,2.3557,25.795,short_cex_long_hl,0.94609,0.9454,147630,67309
2026-07-31T19:17:08Z,W,kraken,-0.0000626626,-0.0000293326,-54.892,-25.695,-2.6664,0.3333,2.3331,25.547,short_cex_long_hl,0.00792,0.007924406,1367619,493416
2026-07-31T19:17:08Z,CELO,kraken,0.0000125000,-0.0000205171,10.95,-17.973,2.6414,0.3333,2.308,25.273,short_hl_long_cex,0.062885,0.06291454757,156610,135471
2026-07-31T19:17:08Z,TIA,kraken,0.0000125000,-0.0000204552,10.95,-17.919,2.6364,0.3333,2.3031,25.219,short_hl_long_cex,0.31975,0.31964891808,1756248,325413
2026-07-31T19:17:08Z,ARB,kraken,0.0000125000,-0.0000199859,10.95,-17.508,2.5989,0.3333,2.2655,24.808,short_hl_long_cex,0.0771,0.07707690497,4471027,1895684
2026-07-31T19:17:08Z,VIRTUAL,okx,-0.0000224430,-0.0000538012,-19.66,-47.13,2.5087,0.3333,2.1753,23.82,short_hl_long_cex,0.55071,0.5506,5984340,1096493
2026-07-31T19:17:08Z,AIXBT,okx,0.0000125000,-0.0000186867,10.95,-16.37,2.4949,0.3333,2.1616,23.67,short_hl_long_cex,0.016994,0.01699,417056,273673
2026-07-31T19:17:08Z,BIO,okx,0.0000090826,-0.0000216261,7.956,-18.944,2.4567,0.3333,2.1234,23.251,short_hl_long_cex,0.022955,0.02296,686204,160641
2026-07-31T19:17:08Z,MORPHO,okx,-0.0000268058,-0.0000567516,-23.482,-49.714,2.3957,0.3333,2.0623,22.582,short_hl_long_cex,1.9575,1.9574,3776628,578981
2026-07-31T19:17:08Z,AXS,kraken,0.0000125000,-0.0000172769,10.95,-15.135,2.3822,0.3333,2.0488,22.435,short_hl_long_cex,0.83188,0.83127383022,323831,186733
2026-07-31T19:17:08Z,ONDO,kraken,0.0000125000,-0.0000161400,10.95,-14.139,2.2912,0.3333,1.9579,21.439,short_hl_long_cex,0.39752,0.39766566094,15152298,6488209
2026-07-31T19:17:08Z,HBAR,okx,0.0000125000,-0.0000154641,10.95,-13.547,2.2371,0.3333,1.9038,20.847,short_hl_long_cex,0.068244,0.06821,3894896,1006277
2026-07-31T19:17:08Z,APE,okx,0.0000125000,-0.0000153680,10.95,-13.462,2.2294,0.3333,1.8961,20.762,short_hl_long_cex,0.13261,0.13258,860681,450628
2026-07-31T19:17:08Z,ASTER,okx,0.0000125000,-0.0000153091,10.95,-13.411,2.2247,0.3333,1.8914,20.711,short_hl_long_cex,0.60056,0.6004,15039760,786373
2026-07-31T19:17:08Z,LDO,kraken,0.0000125000,0.0000401361,10.95,35.159,-2.2109,0.3333,1.8776,20.559,short_cex_long_hl,0.3475,0.34732484607,13199574,1558762
2026-07-31T19:17:08Z,GALA,okx,0.0000125000,-0.0000145075,10.95,-12.709,2.1606,0.3333,1.8273,20.009,short_hl_long_cex,0.001812,0.001811,224447,187643
2026-07-31T19:17:08Z,BIO,kraken,0.0000090826,0.0000356299,7.956,31.212,-2.1238,0.3333,1.7905,19.605,short_cex_long_hl,0.022955,0.02297024882,686204,160641
2026-07-31T19:17:08Z,STRK,kraken,0.0000125000,0.0000386054,10.95,33.818,-2.0884,0.3333,1.7551,19.218,short_cex_long_hl,0.02554,0.02558354742,2203219,380876
2026-07-31T19:17:08Z,TRB,okx,-0.0000134196,0.0000125000,-11.756,10.95,-2.0736,0.3333,1.7402,19.056,short_cex_long_hl,13.497,13.5,405232,83245
2026-07-31T19:17:08Z,FIL,kraken,0.0000028366,0.0000272828,2.485,23.9,-1.9557,0.3333,1.6224,17.765,short_cex_long_hl,0.71818,0.71789630464,2174309,491818
2026-07-31T19:17:08Z,RUNE,kraken,0.0000125000,-0.0000119272,10.95,-10.448,1.9542,0.3333,1.6208,17.748,short_hl_long_cex,0.43349,0.43315407867,1572415,177395
2026-07-31T19:17:08Z,KAITO,okx,-0.0000274884,-0.0000033690,-24.08,-2.951,-1.9296,0.3333,1.5962,17.479,short_cex_long_hl,1.091845,1.0921,9526505,8780159
2026-07-31T19:17:08Z,EIGEN,kraken,0.0000125000,-0.0000106433,10.95,-9.324,1.8515,0.3333,1.5181,16.624,short_hl_long_cex,0.1803,0.18015712113,4144511,1267458
2026-07-31T19:17:08Z,PROVE,okx,-0.0000133268,0.0000095427,-11.674,8.359,-1.8296,0.3333,1.4962,16.384,short_cex_long_hl,0.167425,0.1674,229704,82685
2026-07-31T19:17:08Z,BONK,okx,0.0000125000,-0.0000101873,10.95,-8.924,1.815,0.3333,1.4817,16.224,short_hl_long_cex,0.002792,2.791e-06,4634414,1798816
2026-07-31T19:17:08Z,ICP,kraken,-0.0000275764,-0.0000050667,-24.157,-4.438,-1.8008,0.3333,1.4674,16.068,short_cex_long_hl,2.0688,2.06951246187,1365871,305869
2026-07-31T19:17:08Z,2Z,kraken,0.0000061571,-0.0000162951,5.394,-14.274,1.7962,0.3333,1.4628,16.018,short_hl_long_cex,0.05607,0.05608826898,635281,270829
2026-07-31T19:17:08Z,CFX,okx,-0.0000527304,-0.0000751187,-46.192,-65.804,1.7911,0.3333,1.4577,15.962,short_hl_long_cex,0.043157,0.04319,1496794,2784619
2026-07-31T19:17:08Z,LINK,kraken,0.0000125000,-0.0000096889,10.95,-8.487,1.7751,0.3333,1.4418,15.787,short_hl_long_cex,8.1706,8.16775184536,38363340,4002928
2026-07-31T19:17:08Z,ORDI,kraken,0.0000125000,-0.0000096026,10.95,-8.412,1.7682,0.3333,1.4349,15.712,short_hl_long_cex,3.5585,3.55812780542,481604,435301
2026-07-31T19:17:08Z,NEIRO,okx,-0.0000284537,-0.0000065415,-24.925,-5.73,-1.753,0.3333,1.4196,15.545,short_cex_long_hl,0.0609,6.094e-05,203783,268606
2026-07-31T19:17:08Z,ANIME,kraken,0.0000125000,-0.0000088748,10.95,-7.774,1.71,0.3333,1.3766,15.074,short_hl_long_cex,0.002436,0.00243547204,140095,66498
2026-07-31T19:17:08Z,MEME,okx,0.0000125000,-0.0000086653,10.95,-7.591,1.6932,0.3333,1.3599,14.891,short_hl_long_cex,0.000512,0.0005115,470619,79691
2026-07-31T19:17:08Z,SOL,kraken,0.0000125000,-0.0000085612,10.95,-7.5,1.6849,0.3333,1.3516,14.8,short_hl_long_cex,73.015,72.96495142142,304245519,163962180
2026-07-31T19:17:08Z,BLUR,kraken,0.0000125000,0.0000331970,10.95,29.081,-1.6558,0.3333,1.3224,14.481,short_cex_long_hl,0.014435,0.01444668108,842753,92999
2026-07-31T19:17:08Z,AAVE,okx,0.0000105084,-0.0000083974,9.205,-7.356,1.5125,0.3333,1.1791,12.911,short_hl_long_cex,96.612,96.56,73890684,12661188
2026-07-31T19:17:08Z,ZEC,kraken,0.0000060271,0.0000245681,5.28,21.522,-1.4833,0.3333,1.1499,12.592,short_cex_long_hl,457.88,457.85918437691,172134116,43277142
2026-07-31T19:17:08Z,HBAR,kraken,0.0000125000,-0.0000055651,10.95,-4.875,1.4452,0.3333,1.1119,12.175,short_hl_long_cex,0.068244,0.06822515475,3894896,1006277
2026-07-31T19:17:08Z,ZRO,kraken,0.0000125000,0.0000302081,10.95,26.462,-1.4166,0.3333,1.0833,11.862,short_cex_long_hl,0.73735,0.73726508849,24512807,4013765
2026-07-31T19:17:08Z,ZRO,okx,0.0000125000,-0.0000049946,10.95,-4.375,1.3996,0.3333,1.0662,11.675,short_hl_long_cex,0.73735,0.7367,24512807,4013765
2026-07-31T19:17:08Z,BNB,kraken,0.0000125000,-0.0000049282,10.95,-4.317,1.3943,0.3333,1.0609,11.617,short_hl_long_cex,588.3,587.88428237925,28096406,7892570
2026-07-31T19:17:08Z,ETC,kraken,0.0000125000,-0.0000049151,10.95,-4.306,1.3932,0.3333,1.0599,11.606,short_hl_long_cex,6.6115,6.61259907987,1079121,346712
2026-07-31T19:17:08Z,ADA,kraken,0.0000125000,-0.0000047110,10.95,-4.127,1.3769,0.3333,1.0435,11.427,short_hl_long_cex,0.17108,0.1710408115,26298965,3544824
2026-07-31T19:17:08Z,ARB,okx,0.0000125000,-0.0000040674,10.95,-3.563,1.3254,0.3333,0.9921,10.863,short_hl_long_cex,0.0771,0.07708,4471027,1895684
2026-07-31T19:17:08Z,JTO,okx,0.0000125000,-0.0000031788,10.95,-2.785,1.2543,0.3333,0.921,10.085,short_hl_long_cex,0.51569,0.5155,9294707,1239167
2026-07-31T19:17:08Z,ASTER,kraken,0.0000125000,-0.0000029845,10.95,-2.614,1.2388,0.3333,0.9054,9.914,short_hl_long_cex,0.60056,0.60025718761,15039760,786373
2026-07-31T19:17:08Z,POL,okx,-0.0000148612,0.0000003344,-13.018,0.293,-1.2157,0.3333,0.8823,9.661,short_cex_long_hl,0.070973,0.07099,2630094,521660
2026-07-31T19:17:08Z,INJ,okx,0.0000062459,-0.0000088895,5.471,-7.787,1.2108,0.3333,0.8775,9.609,short_hl_long_cex,4.822,4.822,3393339,1878258
2026-07-31T19:17:08Z,XLM,okx,-0.0000135407,-0.0000284038,-11.862,-24.882,1.189,0.3333,0.8557,9.37,short_hl_long_cex,0.17129,0.17127,6535062,1240168
2026-07-31T19:17:08Z,HYPE,okx,-0.0000023439,0.0000125000,-2.053,10.95,-1.1875,0.3333,0.8542,9.353,short_cex_long_hl,52.809,52.851,1169316774,298289166
2026-07-31T19:17:08Z,MON,kraken,0.0000125000,-0.0000020160,10.95,-1.766,1.1613,0.3333,0.8279,9.066,short_hl_long_cex,0.02089,0.02085523916,23794374,1226017
2026-07-31T19:17:08Z,CC,okx,0.0000125000,-0.0000018603,10.95,-1.63,1.1488,0.3333,0.8155,8.93,short_hl_long_cex,0.11743,0.11736,3219488,437367
2026-07-31T19:17:08Z,KAS,kraken,-0.0000266760,-0.0000409867,-23.368,-35.904,1.1449,0.3333,0.8115,8.886,short_hl_long_cex,0.027178,0.02718625169,1179704,169522
2026-07-31T19:17:08Z,AZTEC,okx,0.0000260705,0.0000125000,22.838,10.95,1.0856,0.3333,0.7523,8.238,short_hl_long_cex,0.014131,0.01412,716298,149270
2026-07-31T19:17:08Z,BANANA,kraken,0.0000125000,-0.0000010457,10.95,-0.916,1.0837,0.3333,0.7503,8.216,short_hl_long_cex,3.5626,3.55710636493,171008,83181
2026-07-31T19:17:08Z,AVAX,kraken,0.0000117250,0.0000251066,10.271,21.993,-1.0705,0.3333,0.7372,8.072,short_cex_long_hl,6.4399,6.43866681307,13504733,3624285
2026-07-31T19:17:08Z,GMX,okx,0.0000125000,-0.0000004835,10.95,-0.424,1.0387,0.3333,0.7053,7.724,short_hl_long_cex,6.0482,6.041,585495,258389
2026-07-31T19:17:08Z,FLOKI,okx,0.0000125000,-0.0000004206,10.95,-0.368,1.0336,0.3333,0.7003,7.668,short_hl_long_cex,0.020329,2.032e-05,531613,149175
2026-07-31T19:17:08Z,ETHFI,kraken,0.0000125000,-0.0000000469,10.95,-0.041,1.0038,0.3333,0.6704,7.341,short_hl_long_cex,0.4083,0.40796339558,7978298,1019357
2026-07-31T19:17:08Z,NEAR,kraken,0.0000125000,0.0000001293,10.95,0.113,0.9897,0.3333,0.6563,7.187,short_hl_long_cex,1.699,1.69731405847,47200803,8048549
2026-07-31T19:17:08Z,LDO,okx,0.0000125000,0.0000007691,10.95,0.674,0.9385,0.3333,0.6051,6.626,short_hl_long_cex,0.3475,0.3473,13199574,1558762
2026-07-31T19:17:08Z,WLFI,kraken,0.0000125000,0.0000009126,10.95,0.799,0.927,0.3333,0.5937,6.501,short_hl_long_cex,0.054948,0.05492461148,12549456,495157
2026-07-31T19:17:08Z,INJ,kraken,0.0000062459,-0.0000052725,5.471,-4.619,0.9215,0.3333,0.5881,6.44,short_hl_long_cex,4.822,4.82106262012,3393339,1878258
2026-07-31T19:17:08Z,ONDO,okx,0.0000125000,0.0000010026,10.95,0.878,0.9198,0.3333,0.5865,6.422,short_hl_long_cex,0.39752,0.3975,15152298,6488209
2026-07-31T19:17:08Z,APE,kraken,0.0000125000,0.0000015632,10.95,1.369,0.8749,0.3333,0.5416,5.931,short_hl_long_cex,0.13261,0.13267709679,860681,450628
2026-07-31T19:17:08Z,ALGO,kraken,0.0000125000,0.0000016449,10.95,1.441,0.8684,0.3333,0.5351,5.859,short_hl_long_cex,0.078463,0.07844921636,1913769,589325
2026-07-31T19:17:08Z,LTC,kraken,-0.0000076114,-0.0000183091,-6.668,-16.039,0.8558,0.3333,0.5225,5.721,short_hl_long_cex,44.906,44.88613433861,10625475,1736446
2026-07-31T19:17:08Z,BCH,okx,0.0000056104,-0.0000050762,4.915,-4.447,0.8549,0.3333,0.5216,5.711,short_hl_long_cex,208.82,208.7,4589395,1880771
2026-07-31T19:17:08Z,WLD,okx,0.0000125000,0.0000020859,10.95,1.827,0.8331,0.3333,0.4998,5.473,short_hl_long_cex,0.30269,0.3025,20027690,5286648
2026-07-31T19:17:08Z,W,okx,-0.0000626626,-0.0000522884,-54.892,-45.805,-0.8299,0.3333,0.4966,5.438,short_cex_long_hl,0.00792,0.007915,1367619,493416
2026-07-31T19:17:08Z,TURBO,okx,0.0000125000,0.0000023111,10.95,2.025,0.8151,0.3333,0.4818,5.275,short_hl_long_cex,0.000784,0.0007839,283369,113522
2026-07-31T19:17:08Z,XRP,kraken,-0.0000015960,-0.0000116520,-1.398,-10.207,0.8045,0.3333,0.4711,5.159,short_hl_long_cex,1.0621,1.06164205614,68919601,22670099
2026-07-31T19:17:08Z,BERA,okx,0.0000125000,0.0000028883,10.95,2.53,0.7689,0.3333,0.4356,4.77,short_hl_long_cex,0.1516,0.1516,1169884,490746
2026-07-31T19:17:08Z,POL,kraken,-0.0000148612,-0.0000052925,-13.018,-4.636,-0.7655,0.3333,0.4322,4.732,short_cex_long_hl,0.070973,0.07098720331,2630094,521660
2026-07-31T19:17:08Z,PENGU,okx,0.0000125000,0.0000030011,10.95,2.629,0.7599,0.3333,0.4266,4.671,short_hl_long_cex,0.005989,0.005985,4241430,2433265
2026-07-31T19:17:08Z,JUP,kraken,0.0000125000,0.0000031699,10.95,2.777,0.7464,0.3333,0.4131,4.523,short_hl_long_cex,0.194411,0.19414866333,6739088,998592
2026-07-31T19:17:08Z,AXS,okx,0.0000125000,0.0000032865,10.95,2.879,0.7371,0.3333,0.4037,4.421,short_hl_long_cex,0.83188,0.8309,323831,186733
2026-07-31T19:17:08Z,ATOM,okx,-0.0000031326,-0.0000122483,-2.744,-10.73,0.7293,0.3333,0.3959,4.335,short_hl_long_cex,1.2269,1.226,1982768,511540
2026-07-31T19:17:08Z,PYTH,okx,0.0000036174,0.0000125000,3.169,10.95,-0.7106,0.3333,0.3773,4.131,short_cex_long_hl,0.039704,0.03966,1441221,414288
2026-07-31T19:17:08Z,DOGE,okx,0.0000027868,-0.0000060840,2.441,-5.33,0.7097,0.3333,0.3763,4.121,short_hl_long_cex,0.069735,0.06975,23867267,15702755
2026-07-31T19:17:08Z,PAXG,kraken,0.0000125000,0.0000212844,10.95,18.645,-0.7028,0.3333,0.3694,4.045,short_cex_long_hl,4044.2,4042.28506407765,22900824,3638696
2026-07-31T19:17:08Z,OP,kraken,0.0000125000,0.0000038594,10.95,3.381,0.6912,0.3333,0.3579,3.919,short_hl_long_cex,0.08596,0.08597599529,3109196,1140450
2026-07-31T19:17:08Z,PENGU,kraken,0.0000125000,0.0000209593,10.95,18.36,-0.6767,0.3333,0.3434,3.76,short_cex_long_hl,0.005989,0.00598849432,4241430,2433265
2026-07-31T19:17:08Z,BABY,okx,-0.0000283273,-0.0000364686,-24.815,-31.947,0.6513,0.3333,0.318,3.482,short_hl_long_cex,0.011553,0.01154,109735,185094
2026-07-31T19:17:08Z,FET,kraken,0.0000125000,0.0000044017,10.95,3.856,0.6479,0.3333,0.3145,3.444,short_hl_long_cex,0.1424,0.14238541107,3911179,643271
2026-07-31T19:17:08Z,ATOM,kraken,-0.0000031326,-0.0000111904,-2.744,-9.803,0.6446,0.3333,0.3113,3.409,short_hl_long_cex,1.2269,1.22723098983,1982768,511540
2026-07-31T19:17:08Z,XLM,kraken,-0.0000135407,-0.0000057310,-11.862,-5.02,-0.6248,0.3333,0.2914,3.191,short_cex_long_hl,0.17129,0.17127889045,6535062,1240168
2026-07-31T19:17:08Z,CRV,kraken,0.0000125000,0.0000047889,10.95,4.195,0.6169,0.3333,0.2836,3.105,short_hl_long_cex,0.20883,0.208732305,6443158,2598197
2026-07-31T19:17:08Z,YGG,okx,0.0000050056,0.0000125000,4.385,10.95,-0.5996,0.3333,0.2662,2.915,short_cex_long_hl,0.01789,0.01789,217677,119348
2026-07-31T19:17:08Z,SEI,kraken,0.0000125000,0.0000199586,10.95,17.484,-0.5967,0.3333,0.2634,2.884,short_cex_long_hl,0.041629,0.04159814739,1326544,356529
2026-07-31T19:17:08Z,HYPE,kraken,-0.0000023439,-0.0000096664,-2.053,-8.468,0.5858,0.3333,0.2525,2.764,short_hl_long_cex,52.809,52.83487557977,1169316774,298289166
2026-07-31T19:17:08Z,XRP,okx,-0.0000015960,0.0000056860,-1.398,4.981,-0.5826,0.3333,0.2492,2.729,short_cex_long_hl,1.0621,1.0621,68919601,22670099
2026-07-31T19:17:08Z,SPX,kraken,0.0000125000,0.0000053651,10.95,4.7,0.5708,0.3333,0.2375,2.6,short_hl_long_cex,0.32062,0.32055208443,1969981,555839
2026-07-31T19:17:08Z,DOGE,kraken,0.0000027868,-0.0000041002,2.441,-3.592,0.551,0.3333,0.2176,2.383,short_hl_long_cex,0.069735,0.06969989506,23867267,15702755
2026-07-31T19:17:08Z,TIA,okx,0.0000125000,0.0000057675,10.95,5.052,0.5386,0.3333,0.2053,2.248,short_hl_long_cex,0.31975,0.3195,1756248,325413
2026-07-31T19:17:08Z,GALA,kraken,0.0000125000,0.0000057843,10.95,5.067,0.5373,0.3333,0.2039,2.233,short_hl_long_cex,0.001812,0.00181240297,224447,187643
2026-07-31T19:17:08Z,SNX,okx,0.0000125000,0.0000059428,10.95,5.206,0.5246,0.3333,0.1912,2.094,short_hl_long_cex,0.21365,0.2137,731970,350995
2026-07-31T19:17:08Z,WLD,kraken,0.0000125000,0.0000189289,10.95,16.582,-0.5143,0.3333,0.181,1.982,short_cex_long_hl,0.30269,0.30253225992,20027690,5286648
2026-07-31T19:17:08Z,2Z,okx,0.0000061571,0.0000125000,5.394,10.95,-0.5074,0.3333,0.1741,1.906,short_cex_long_hl,0.05607,0.05602,635281,270829
2026-07-31T19:17:08Z,SUI,okx,0.0000061700,0.0000125000,5.405,10.95,-0.5064,0.3333,0.1731,1.895,short_cex_long_hl,0.681,0.681,21868650,4430560
2026-07-31T19:17:08Z,FIL,okx,0.0000028366,0.0000086223,2.485,7.553,-0.4629,0.3333,0.1295,1.418,short_cex_long_hl,0.71818,0.7181,2174309,491818
2026-07-31T19:17:08Z,ENA,okx,0.0000125000,0.0000067678,10.95,5.929,0.4586,0.3333,0.1252,1.371,short_hl_long_cex,0.080705,0.0807,20999364,3381478
2026-07-31T19:17:08Z,PYTH,kraken,0.0000036174,-0.0000019062,3.169,-1.67,0.4419,0.3333,0.1086,1.189,short_hl_long_cex,0.039704,0.03969151818,1441221,414288
2026-07-31T19:17:08Z,LINK,okx,0.0000125000,0.0000070035,10.95,6.135,0.4397,0.3333,0.1064,1.165,short_hl_long_cex,8.1706,8.169,38363340,4002928
2026-07-31T19:17:08Z,FARTCOIN,kraken,0.0000125000,0.0000175039,10.95,15.333,-0.4003,0.3333,0.067,0.733,short_cex_long_hl,0.12183,0.12161662734,16643522,4124360
2026-07-31T19:17:08Z,FARTCOIN,okx,0.0000125000,0.0000174086,10.95,15.25,-0.3927,0.3333,0.0594,0.65,short_cex_long_hl,0.12183,0.1218,16643522,4124360
2026-07-31T19:17:08Z,ETH,okx,-0.0000000816,0.0000047366,-0.071,4.149,-0.3855,0.3333,0.0521,0.571,short_cex_long_hl,1868.1,1868.01,1810945723,974865074
2026-07-31T19:17:08Z,TRX,okx,-0.0000111775,-0.0000156803,-9.791,-13.736,0.3602,0.3333,0.0269,0.294,short_hl_long_cex,0.32594,0.32598,13865232,1210162
2026-07-31T19:17:08Z,SEI,okx,0.0000125000,0.0000080415,10.95,7.044,0.3567,0.3333,0.0233,0.256,short_hl_long_cex,0.041629,0.04161,1326544,356529
2026-07-31T19:17:08Z,JUP,okx,0.0000125000,0.0000083173,10.95,7.286,0.3346,0.3333,0.0013,0.014,short_hl_long_cex,0.194411,0.1941,6739088,998592
2026-07-31T19:17:08Z,BTC,okx,0.0000056305,0.0000094934,4.932,8.316,-0.309,0.3333,-0.0243,-0.266,short_cex_long_hl,63010.0,63014.4,2160270497,2154998643
2026-07-31T19:17:08Z,TRUMP,kraken,-0.0000304077,-0.0000338190,-26.637,-29.625,0.2729,0.3333,-0.0604,-0.662,short_hl_long_cex,1.4377,1.43803840457,8066984,838824
2026-07-31T19:17:08Z,TRX,kraken,-0.0000111775,-0.0000144598,-9.791,-12.667,0.2626,0.3333,-0.0708,-0.775,short_hl_long_cex,0.32594,0.32591287696,13865232,1210162
2026-07-31T19:17:08Z,ZEC,okx,0.0000060271,0.0000092540,5.28,8.106,-0.2581,0.3333,-0.0752,-0.823,short_cex_long_hl,457.88,458.0,172134116,43277142
2026-07-31T19:17:08Z,ENS,kraken,0.0000125000,0.0000093691,10.95,8.207,0.2505,0.3333,-0.0829,-0.907,short_hl_long_cex,4.2335,4.2336048078,1187768,162640
2026-07-31T19:17:08Z,SUSHI,okx,0.0000125000,0.0000096551,10.95,8.458,0.2276,0.3333,-0.1057,-1.158,short_hl_long_cex,0.15113,0.1511,312554,102175
2026-07-31T19:17:08Z,OP,okx,0.0000125000,0.0000106577,10.95,9.336,0.1474,0.3333,-0.186,-2.036,short_hl_long_cex,0.08596,0.08597,3109196,1140450
2026-07-31T19:17:08Z,SUI,kraken,0.0000061700,0.0000077207,5.405,6.763,-0.1241,0.3333,-0.2093,-2.292,short_cex_long_hl,0.681,0.68069535849,21868650,4430560
2026-07-31T19:17:08Z,BCH,kraken,0.0000056104,0.0000041199,4.915,3.609,0.1192,0.3333,-0.2141,-2.344,short_hl_long_cex,208.82,208.79803720017,4589395,1880771
2026-07-31T19:17:08Z,EIGEN,okx,0.0000125000,0.0000113122,10.95,9.909,0.095,0.3333,-0.2383,-2.609,short_hl_long_cex,0.1803,0.1801,4144511,1267458
2026-07-31T19:17:08Z,ETH,kraken,-0.0000000816,-0.0000011390,-0.071,-0.998,0.0846,0.3333,-0.2487,-2.724,short_hl_long_cex,1868.1,1867.06873020192,1810945723,974865074
2026-07-31T19:17:08Z,BTC,kraken,0.0000056305,0.0000046057,4.932,4.035,0.082,0.3333,-0.2513,-2.752,short_hl_long_cex,63010.0,62985.38859705923,2160270497,2154998643
2026-07-31T19:17:08Z,DYDX,kraken,0.0000125000,0.0000114860,10.95,10.062,0.0811,0.3333,-0.2522,-2.762,short_hl_long_cex,0.11313,0.11308980066,2407931,339518
2026-07-31T19:17:08Z,AVAX,okx,0.0000117250,0.0000125000,10.271,10.95,-0.062,0.3333,-0.2713,-2.971,short_cex_long_hl,6.4399,6.44,13504733,3624285
2026-07-31T19:17:08Z,LTC,okx,-0.0000076114,-0.0000083293,-6.668,-7.297,0.0574,0.3333,-0.2759,-3.021,short_hl_long_cex,44.906,44.9,10625475,1736446
2026-07-31T19:17:08Z,IMX,kraken,-0.0000958089,-0.0000951356,-83.929,-83.339,-0.0539,0.3333,-0.2795,-3.06,short_cex_long_hl,0.10651,0.10659912584,922254,291681
2026-07-31T19:17:08Z,ETHFI,okx,0.0000125000,0.0000119417,10.95,10.461,0.0447,0.3333,-0.2887,-3.161,short_hl_long_cex,0.4083,0.4079,7978298,1019357
2026-07-31T19:17:08Z,SHIB,okx,0.0000125000,0.0000119865,10.95,10.5,0.0411,0.3333,-0.2923,-3.2,short_hl_long_cex,0.004766,4.759e-06,3988150,3259277
2026-07-31T19:17:08Z,DYDX,okx,0.0000125000,0.0000121683,10.95,10.659,0.0265,0.3333,-0.3068,-3.359,short_hl_long_cex,0.11313,0.11306,2407931,339518
2026-07-31T19:17:08Z,APT,okx,0.0000001313,-0.0000000310,0.115,-0.027,0.013,0.3333,-0.3203,-3.508,short_hl_long_cex,0.5634,0.5633,3750442,1253040
2026-07-31T19:17:08Z,SOL,okx,0.0000125000,0.0000125000,10.95,10.95,0.0,0.3333,-0.3333,-3.65,short_cex_long_hl,73.015,73.0,304245519,163962180
2026-07-31T19:17:08Z,BNB,okx,0.0000125000,0.0000125000,10.95,10.95,0.0,0.3333,-0.3333,-3.65,short_cex_long_hl,588.3,588.2,28096406,7892570
2026-07-31T19:17:08Z,PEPE,okx,0.0000125000,0.0000125000,10.95,10.95,0.0,0.3333,-0.3333,-3.65,short_cex_long_hl,0.002759,2.758e-06,14571633,3636396
2026-07-31T19:17:08Z,CRV,okx,0.0000125000,0.0000125000,10.95,10.95,0.0,0.3333,-0.3333,-3.65,short_cex_long_hl,0.20883,0.2087,6443158,2598197
2026-07-31T19:17:08Z,STX,okx,0.0000125000,0.0000125000,10.95,10.95,0.0,0.3333,-0.3333,-3.65,short_cex_long_hl,0.13885,0.1387,420939,202723
2026-07-31T19:17:08Z,COMP,okx,0.0000125000,0.0000125000,10.95,10.95,0.0,0.3333,-0.3333,-3.65,short_cex_long_hl,16.472,16.46,754786,188074
2026-07-31T19:17:08Z,UNI,okx,0.0000125000,0.0000125000,10.95,10.95,0.0,0.3333,-0.3333,-3.65,short_cex_long_hl,4.2565,4.257,20613272,24816478
2026-07-31T19:17:08Z,BIGTIME,okx,0.0000125000,0.0000125000,10.95,10.95,0.0,0.3333,-0.3333,-3.65,short_cex_long_hl,0.005668,0.005667,128931,171147
2026-07-31T19:17:08Z,BLUR,okx,0.0000125000,0.0000125000,10.95,10.95,0.0,0.3333,-0.3333,-3.65,short_cex_long_hl,0.014435,0.01442,842753,92999
2026-07-31T19:17:08Z,ADA,okx,0.0000125000,0.0000125000,10.95,10.95,0.0,0.3333,-0.3333,-3.65,short_cex_long_hl,0.17108,0.1711,26298965,3544824
2026-07-31T19:17:08Z,PENDLE,okx,0.0000125000,0.0000125000,10.95,10.95,0.0,0.3333,-0.3333,-3.65,short_cex_long_hl,1.4484,1.448,6711367,680034
2026-07-31T19:17:08Z,NEAR,okx,0.0000125000,0.0000125000,10.95,10.95,0.0,0.3333,-0.3333,-3.65,short_cex_long_hl,1.699,1.699,47200803,8048549
2026-07-31T19:17:08Z,ORDI,okx,0.0000125000,0.0000125000,10.95,10.95,0.0,0.3333,-0.3333,-3.65,short_cex_long_hl,3.5585,3.555,481604,435301
2026-07-31T19:17:08Z,ZEN,okx,0.0000125000,0.0000125000,10.95,10.95,0.0,0.3333,-0.3333,-3.65,short_cex_long_hl,3.8985,3.893,206148,205846
2026-07-31T19:17:08Z,GMT,okx,0.0000125000,0.0000125000,10.95,10.95,0.0,0.3333,-0.3333,-3.65,short_cex_long_hl,0.006673,0.006671,124844,263050
2026-07-31T19:17:08Z,RSR,okx,0.0000125000,0.0000125000,10.95,10.95,0.0,0.3333,-0.3333,-3.65,short_cex_long_hl,0.001247,0.001246,161184,97099
2026-07-31T19:17:08Z,WIF,okx,0.0000125000,0.0000125000,10.95,10.95,0.0,0.3333,-0.3333,-3.65,short_cex_long_hl,0.1436,0.1435,1846816,527288
2026-07-31T19:17:08Z,PEOPLE,okx,0.0000125000,0.0000125000,10.95,10.95,0.0,0.3333,-0.3333,-3.65,short_cex_long_hl,0.007097,0.007092,1617715,515041
2026-07-31T19:17:08Z,ENS,okx,0.0000125000,0.0000125000,10.95,10.95,0.0,0.3333,-0.3333,-3.65,short_cex_long_hl,4.2335,4.232,1187768,162640
2026-07-31T19:17:08Z,TAO,okx,0.0000125000,0.0000125000,10.95,10.95,0.0,0.3333,-0.3333,-3.65,short_cex_long_hl,195.12,194.9,24659587,3842685
2026-07-31T19:17:08Z,BOME,okx,0.0000125000,0.0000125000,10.95,10.95,0.0,0.3333,-0.3333,-3.65,short_cex_long_hl,0.000601,0.0006006,1719352,432662
2026-07-31T19:17:08Z,MERL,okx,0.0000125000,0.0000125000,10.95,10.95,0.0,0.3333,-0.3333,-3.65,short_cex_long_hl,0.016964,0.01695,314957,86164
2026-07-31T19:17:08Z,BRETT,okx,0.0000125000,0.0000125000,10.95,10.95,0.0,0.3333,-0.3333,-3.65,short_cex_long_hl,0.003898,0.003898,460782,154585
2026-07-31T19:17:08Z,ZK,okx,0.0000125000,0.0000125000,10.95,10.95,0.0,0.3333,-0.3333,-3.65,short_cex_long_hl,0.007768,0.007763,451092,278995
2026-07-31T19:17:08Z,RENDER,okx,0.0000125000,0.0000125000,10.95,10.95,0.0,0.3333,-0.3333,-3.65,short_cex_long_hl,1.3766,1.376,1337904,499113
2026-07-31T19:17:08Z,CELO,okx,0.0000125000,0.0000125000,10.95,10.95,0.0,0.3333,-0.3333,-3.65,short_cex_long_hl,0.062885,0.06286,156610,135471
2026-07-31T19:17:08Z,HMSTR,okx,0.0000125000,0.0000125000,10.95,10.95,0.0,0.3333,-0.3333,-3.65,short_cex_long_hl,0.000167,0.0001674,376978,74288
2026-07-31T19:17:08Z,MOODENG,okx,0.0000125000,0.0000125000,10.95,10.95,0.0,0.3333,-0.3333,-3.65,short_cex_long_hl,0.034815,0.03483,219283,91443
2026-07-31T19:17:08Z,GRASS,okx,0.0000125000,0.0000125000,10.95,10.95,0.0,0.3333,-0.3333,-3.65,short_cex_long_hl,0.31285,0.3122,7336166,682858
2026-07-31T19:17:08Z,PNUT,okx,0.0000125000,0.0000125000,10.95,10.95,0.0,0.3333,-0.3333,-3.65,short_cex_long_hl,0.03889,0.03887,496065,260122
2026-07-31T19:17:08Z,IOTA,okx,0.0000125000,0.0000125000,10.95,10.95,0.0,0.3333,-0.3333,-3.65,short_cex_long_hl,0.03168,0.03167,388331,81044
2026-07-31T19:17:08Z,ALGO,okx,0.0000125000,0.0000125000,10.95,10.95,0.0,0.3333,-0.3333,-3.65,short_cex_long_hl,0.078463,0.0784,1913769,589325
2026-07-31T19:17:08Z,ME,okx,0.0000125000,0.0000125000,10.95,10.95,0.0,0.3333,-0.3333,-3.65,short_cex_long_hl,0.05973,0.05975,161522,70408
2026-07-31T19:17:08Z,MOVE,okx,0.0000125000,0.0000125000,10.95,10.95,0.0,0.3333,-0.3333,-3.65,short_cex_long_hl,0.007392,0.007386,452777,335339
2026-07-31T19:17:08Z,SPX,okx,0.0000125000,0.0000125000,10.95,10.95,0.0,0.3333,-0.3333,-3.65,short_cex_long_hl,0.32062,0.3203,1969981,555839
2026-07-31T19:17:08Z,VVV,okx,0.0000125000,0.0000125000,10.95,10.95,0.0,0.3333,-0.3333,-3.65,short_cex_long_hl,11.782,11.791,15521412,3226801
2026-07-31T19:17:08Z,LAYER,okx,0.0000125000,0.0000125000,10.95,10.95,0.0,0.3333,-0.3333,-3.65,short_cex_long_hl,0.062639,0.06259,707168,301979
2026-07-31T19:17:08Z,WCT,okx,0.0000125000,0.0000125000,10.95,10.95,0.0,0.3333,-0.3333,-3.65,short_cex_long_hl,0.036424,0.0364,31627,75702
2026-07-31T19:17:08Z,ZORA,okx,0.0000125000,0.0000125000,10.95,10.95,0.0,0.3333,-0.3333,-3.65,short_cex_long_hl,0.005589,0.005576,807155,182311
2026-07-31T19:17:08Z,INIT,okx,0.0000125000,0.0000125000,10.95,10.95,0.0,0.3333,-0.3333,-3.65,short_cex_long_hl,0.049575,0.04961,161691,292836
2026-07-31T19:17:08Z,SOPH,okx,0.0000125000,0.0000125000,10.95,10.95,0.0,0.3333,-0.3333,-3.65,short_cex_long_hl,0.003969,0.003971,118967,66451
2026-07-31T19:17:08Z,RESOLV,okx,0.0000125000,0.0000125000,10.95,10.95,0.0,0.3333,-0.3333,-3.65,short_cex_long_hl,0.015907,0.01591,378630,240306
2026-07-31T19:17:08Z,SYRUP,okx,0.0000125000,0.0000125000,10.95,10.95,0.0,0.3333,-0.3333,-3.65,short_cex_long_hl,0.1611,0.1611,1936928,156831
2026-07-31T19:17:08Z,PUMP,okx,0.0000125000,0.0000125000,10.95,10.95,0.0,0.3333,-0.3333,-3.65,short_cex_long_hl,0.002107,0.002106,51602209,24560166
2026-07-31T19:17:08Z,XPL,okx,0.0000125000,0.0000125000,10.95,10.95,0.0,0.3333,-0.3333,-3.65,short_cex_long_hl,0.074295,0.07431,22372528,3503449
2026-07-31T19:17:08Z,WLFI,okx,0.0000125000,0.0000125000,10.95,10.95,0.0,0.3333,-0.3333,-3.65,short_cex_long_hl,0.054948,0.05494,12549456,495157
2026-07-31T19:17:08Z,LINEA,okx,0.0000125000,0.0000125000,10.95,10.95,0.0,0.3333,-0.3333,-3.65,short_cex_long_hl,0.002251,0.002248,1070006,101104
2026-07-31T19:17:08Z,SKY,okx,0.0000125000,0.0000125000,10.95,10.95,0.0,0.3333,-0.3333,-3.65,short_cex_long_hl,0.057606,0.05749,2016057,175734
2026-07-31T19:17:08Z,AVNT,okx,0.0000125000,0.0000125000,10.95,10.95,0.0,0.3333,-0.3333,-3.65,short_cex_long_hl,0.08344,0.0834,623227,208512
2026-07-31T19:17:08Z,0G,okx,0.0000125000,0.0000125000,10.95,10.95,0.0,0.3333,-0.3333,-3.65,short_cex_long_hl,0.14233,0.1425,161150,225803
2026-07-31T19:17:08Z,MON,okx,0.0000125000,0.0000125000,10.95,10.95,0.0,0.3333,-0.3333,-3.65,short_cex_long_hl,0.02089,0.02086,23794374,1226017
2026-07-31T19:17:08Z,MET,okx,0.0000125000,0.0000125000,10.95,10.95,0.0,0.3333,-0.3333,-3.65,short_cex_long_hl,0.1763,0.1762,2061067,298140
2026-07-31T19:17:08Z,MEGA,okx,0.0000125000,0.0000125000,10.95,10.95,0.0,0.3333,-0.3333,-3.65,short_cex_long_hl,0.035941,0.03589,4133671,337713
2026-07-31T19:17:08Z,FOGO,okx,0.0000125000,0.0000125000,10.95,10.95,0.0,0.3333,-0.3333,-3.65,short_cex_long_hl,0.008387,0.00838,279764,143001
2026-07-31T19:17:08Z,LIT,okx,0.0000125000,0.0000125000,10.95,10.95,0.0,0.3333,-0.3333,-3.65,short_cex_long_hl,2.113449,2.1123,78595195,14767493
2026-07-31T19:17:08Z,DASH,okx,0.0000125000,0.0000125000,10.95,10.95,0.0,0.3333,-0.3333,-3.65,short_cex_long_hl,30.225,30.2,753542,235618
2026-07-31T19:17:08Z,CHIP,okx,0.0000125000,0.0000125000,10.95,10.95,0.0,0.3333,-0.3333,-3.65,short_cex_long_hl,0.025382,0.02537,1603458,575984
2026-07-31T19:17:08Z,GRAM,okx,0.0000125000,0.0000125000,10.95,10.95,0.0,0.3333,-0.3333,-3.65,short_cex_long_hl,1.3852,1.384,11969524,861021
